card_id,action,cost
EX1_334,CRAFTING_NORMAL,100
EX1_334,CRAFTING_GOLDEN,800
EX1_334,DISENCHANT_NORMAL,20
EX1_334,DISENCHANT_GOLDEN,100
OG_141,CRAFTING_NORMAL,40
OG_141,CRAFTING_GOLDEN,400
OG_141,DISENCHANT_NORMAL,5
OG_141,DISENCHANT_GOLDEN,50
GVG_114,CRAFTING_NORMAL,1600
GVG_114,CRAFTING_GOLDEN,3200
GVG_114,DISENCHANT_NORMAL,400
GVG_114,DISENCHANT_GOLDEN,1600
EX1_534,CRAFTING_NORMAL,100
EX1_534,CRAFTING_GOLDEN,800
EX1_534,DISENCHANT_NORMAL,20
EX1_534,DISENCHANT_GOLDEN,100
GVG_041,CRAFTING_NORMAL,400
GVG_041,CRAFTING_GOLDEN,1600
GVG_041,DISENCHANT_NORMAL,100
GVG_041,DISENCHANT_GOLDEN,400
AT_110,CRAFTING_NORMAL,100
AT_110,CRAFTING_GOLDEN,800
AT_110,DISENCHANT_NORMAL,20
AT_110,DISENCHANT_GOLDEN,100
OG_116,CRAFTING_NORMAL,100
OG_116,CRAFTING_GOLDEN,800
OG_116,DISENCHANT_NORMAL,20
OG_116,DISENCHANT_GOLDEN,100
OG_254,CRAFTING_NORMAL,100
OG_254,CRAFTING_GOLDEN,800
OG_254,DISENCHANT_NORMAL,20
OG_254,DISENCHANT_GOLDEN,100
EX1_166,CRAFTING_NORMAL,100
EX1_166,CRAFTING_GOLDEN,800
EX1_166,DISENCHANT_NORMAL,20
EX1_166,DISENCHANT_GOLDEN,100
GVG_017,CRAFTING_NORMAL,100
GVG_017,CRAFTING_GOLDEN,800
GVG_017,DISENCHANT_NORMAL,20
GVG_017,DISENCHANT_GOLDEN,100
EX1_410,CRAFTING_NORMAL,400
EX1_410,CRAFTING_GOLDEN,1600
EX1_410,DISENCHANT_NORMAL,100
EX1_410,DISENCHANT_GOLDEN,400
GVG_066,CRAFTING_NORMAL,100
GVG_066,CRAFTING_GOLDEN,800
GVG_066,DISENCHANT_NORMAL,20
GVG_066,DISENCHANT_GOLDEN,100
EX1_509,CRAFTING_NORMAL,100
EX1_509,CRAFTING_GOLDEN,800
EX1_509,DISENCHANT_NORMAL,20
EX1_509,DISENCHANT_GOLDEN,100
EX1_534t,CRAFTING_NORMAL,100
EX1_534t,CRAFTING_GOLDEN,800
EX1_534t,DISENCHANT_NORMAL,20
EX1_534t,DISENCHANT_GOLDEN,100
EX1_398,CRAFTING_NORMAL,40
EX1_398,CRAFTING_GOLDEN,400
EX1_398,DISENCHANT_NORMAL,5
EX1_398,DISENCHANT_GOLDEN,50
CS2_221,CRAFTING_NORMAL,40
CS2_221,CRAFTING_GOLDEN,400
CS2_221,DISENCHANT_NORMAL,5
CS2_221,DISENCHANT_GOLDEN,50
AT_054,CRAFTING_NORMAL,1600
AT_054,CRAFTING_GOLDEN,3200
AT_054,DISENCHANT_NORMAL,400
AT_054,DISENCHANT_GOLDEN,1600
GVG_013,CRAFTING_NORMAL,40
GVG_013,CRAFTING_GOLDEN,400
GVG_013,DISENCHANT_NORMAL,5
GVG_013,DISENCHANT_GOLDEN,50
OG_337,CRAFTING_NORMAL,400
OG_337,CRAFTING_GOLDEN,1600
OG_337,DISENCHANT_NORMAL,100
OG_337,DISENCHANT_GOLDEN,400
OG_316,CRAFTING_NORMAL,1600
OG_316,CRAFTING_GOLDEN,3200
OG_316,DISENCHANT_NORMAL,400
OG_316,DISENCHANT_GOLDEN,1600
AT_087,CRAFTING_NORMAL,40
AT_087,CRAFTING_GOLDEN,400
AT_087,DISENCHANT_NORMAL,5
AT_087,DISENCHANT_GOLDEN,50
EX1_301,CRAFTING_NORMAL,100
EX1_301,CRAFTING_GOLDEN,800
EX1_301,DISENCHANT_NORMAL,20
EX1_301,DISENCHANT_GOLDEN,100
EX1_554,CRAFTING_NORMAL,400
EX1_554,CRAFTING_GOLDEN,1600
EX1_554,DISENCHANT_NORMAL,100
EX1_554,DISENCHANT_GOLDEN,400
CS2_169,CRAFTING_NORMAL,40
CS2_169,CRAFTING_GOLDEN,400
CS2_169,DISENCHANT_NORMAL,5
CS2_169,DISENCHANT_GOLDEN,50
OG_150,CRAFTING_NORMAL,40
OG_150,CRAFTING_GOLDEN,400
OG_150,DISENCHANT_NORMAL,5
OG_150,DISENCHANT_GOLDEN,50
GVG_081,CRAFTING_NORMAL,40
GVG_081,CRAFTING_GOLDEN,400
GVG_081,DISENCHANT_NORMAL,5
GVG_081,DISENCHANT_GOLDEN,50
GVG_020,CRAFTING_NORMAL,100
GVG_020,CRAFTING_GOLDEN,800
GVG_020,DISENCHANT_NORMAL,20
GVG_020,DISENCHANT_GOLDEN,100
GVG_122,CRAFTING_NORMAL,400
GVG_122,CRAFTING_GOLDEN,1600
GVG_122,DISENCHANT_NORMAL,100
GVG_122,DISENCHANT_GOLDEN,400
OG_335,CRAFTING_NORMAL,100
OG_335,CRAFTING_GOLDEN,800
OG_335,DISENCHANT_NORMAL,20
OG_335,DISENCHANT_GOLDEN,100
OG_070,CRAFTING_NORMAL,40
OG_070,CRAFTING_GOLDEN,400
OG_070,DISENCHANT_NORMAL,5
OG_070,DISENCHANT_GOLDEN,50
GVG_046,CRAFTING_NORMAL,100
GVG_046,CRAFTING_GOLDEN,800
GVG_046,DISENCHANT_NORMAL,20
GVG_046,DISENCHANT_GOLDEN,100
NEW1_019,CRAFTING_NORMAL,100
NEW1_019,CRAFTING_GOLDEN,800
NEW1_019,DISENCHANT_NORMAL,20
NEW1_019,DISENCHANT_GOLDEN,100
GVG_049,CRAFTING_NORMAL,1600
GVG_049,CRAFTING_GOLDEN,3200
GVG_049,DISENCHANT_NORMAL,400
GVG_049,DISENCHANT_GOLDEN,1600
NEW1_036,CRAFTING_NORMAL,100
NEW1_036,CRAFTING_GOLDEN,800
NEW1_036,DISENCHANT_NORMAL,20
NEW1_036,DISENCHANT_GOLDEN,100
OG_047,CRAFTING_NORMAL,40
OG_047,CRAFTING_GOLDEN,400
OG_047,DISENCHANT_NORMAL,5
OG_047,DISENCHANT_GOLDEN,50
OG_047a,CRAFTING_NORMAL,40
OG_047a,CRAFTING_GOLDEN,400
OG_047a,DISENCHANT_NORMAL,5
OG_047a,DISENCHANT_GOLDEN,50
GVG_099,CRAFTING_NORMAL,100
GVG_099,CRAFTING_GOLDEN,800
GVG_099,DISENCHANT_NORMAL,20
GVG_099,DISENCHANT_GOLDEN,100
EX1_274,CRAFTING_NORMAL,100
EX1_274,CRAFTING_GOLDEN,800
EX1_274,DISENCHANT_NORMAL,20
EX1_274,DISENCHANT_GOLDEN,100
AT_101,CRAFTING_NORMAL,40
AT_101,CRAFTING_GOLDEN,400
AT_101,DISENCHANT_NORMAL,5
AT_101,DISENCHANT_GOLDEN,50
CS2_059,CRAFTING_NORMAL,40
CS2_059,CRAFTING_GOLDEN,400
CS2_059,DISENCHANT_NORMAL,5
CS2_059,DISENCHANT_GOLDEN,50
EX1_317t,CRAFTING_NORMAL,40
EX1_317t,CRAFTING_GOLDEN,400
EX1_317t,DISENCHANT_NORMAL,5
EX1_317t,DISENCHANT_GOLDEN,50
EX1_339,CRAFTING_NORMAL,40
EX1_339,CRAFTING_GOLDEN,400
EX1_339,DISENCHANT_NORMAL,5
EX1_339,DISENCHANT_GOLDEN,50
GVG_063,CRAFTING_NORMAL,1600
GVG_063,CRAFTING_GOLDEN,3200
GVG_063,DISENCHANT_NORMAL,400
GVG_063,DISENCHANT_GOLDEN,1600
EX1_tk28,CRAFTING_NORMAL,40
EX1_tk28,CRAFTING_GOLDEN,400
EX1_tk28,DISENCHANT_NORMAL,5
EX1_tk28,DISENCHANT_GOLDEN,50
GVG_074,CRAFTING_NORMAL,100
GVG_074,CRAFTING_GOLDEN,800
GVG_074,DISENCHANT_NORMAL,20
GVG_074,DISENCHANT_GOLDEN,100
GVG_123,CRAFTING_NORMAL,100
GVG_123,CRAFTING_GOLDEN,800
GVG_123,DISENCHANT_NORMAL,20
GVG_123,DISENCHANT_GOLDEN,100
AT_104,CRAFTING_NORMAL,100
AT_104,CRAFTING_GOLDEN,800
AT_104,DISENCHANT_NORMAL,20
AT_104,DISENCHANT_GOLDEN,100
EX1_023,CRAFTING_NORMAL,40
EX1_023,CRAFTING_GOLDEN,400
EX1_023,DISENCHANT_NORMAL,5
EX1_023,DISENCHANT_GOLDEN,50
EX1_584,CRAFTING_NORMAL,100
EX1_584,CRAFTING_GOLDEN,800
EX1_584,DISENCHANT_NORMAL,20
EX1_584,DISENCHANT_GOLDEN,100
EX1_594,CRAFTING_NORMAL,100
EX1_594,CRAFTING_GOLDEN,800
EX1_594,DISENCHANT_NORMAL,20
EX1_594,DISENCHANT_GOLDEN,100
AT_116,CRAFTING_NORMAL,100
AT_116,CRAFTING_GOLDEN,800
AT_116,DISENCHANT_NORMAL,20
AT_116,DISENCHANT_GOLDEN,100
OG_339,CRAFTING_NORMAL,100
OG_339,CRAFTING_GOLDEN,800
OG_339,DISENCHANT_NORMAL,20
OG_339,DISENCHANT_GOLDEN,100
OG_318,CRAFTING_NORMAL,1600
OG_318,CRAFTING_GOLDEN,3200
OG_318,DISENCHANT_NORMAL,400
OG_318,DISENCHANT_GOLDEN,1600
OG_313,CRAFTING_NORMAL,100
OG_313,CRAFTING_GOLDEN,800
OG_313,DISENCHANT_NORMAL,20
OG_313,DISENCHANT_GOLDEN,100
AT_021,CRAFTING_NORMAL,100
AT_021,CRAFTING_GOLDEN,800
AT_021,DISENCHANT_NORMAL,20
AT_021,DISENCHANT_GOLDEN,100
OG_044c,CRAFTING_NORMAL,40
OG_044c,CRAFTING_GOLDEN,400
OG_044c,DISENCHANT_NORMAL,5
OG_044c,DISENCHANT_GOLDEN,50
OG_173,CRAFTING_NORMAL,400
OG_173,CRAFTING_GOLDEN,1600
OG_173,DISENCHANT_NORMAL,100
OG_173,DISENCHANT_GOLDEN,400
GVG_052,CRAFTING_NORMAL,400
GVG_052,CRAFTING_GOLDEN,1600
GVG_052,DISENCHANT_NORMAL,100
GVG_052,DISENCHANT_GOLDEN,400
AT_006,CRAFTING_NORMAL,40
AT_006,CRAFTING_GOLDEN,400
AT_006,DISENCHANT_NORMAL,5
AT_006,DISENCHANT_GOLDEN,50
AT_042a,CRAFTING_NORMAL,40
AT_042a,CRAFTING_GOLDEN,400
AT_042a,DISENCHANT_NORMAL,5
AT_042a,DISENCHANT_GOLDEN,50
EX1_165t1,CRAFTING_NORMAL,40
EX1_165t1,CRAFTING_GOLDEN,400
EX1_165t1,DISENCHANT_NORMAL,5
EX1_165t1,DISENCHANT_GOLDEN,50
OG_326,CRAFTING_NORMAL,40
OG_326,CRAFTING_GOLDEN,400
OG_326,DISENCHANT_NORMAL,5
OG_326,DISENCHANT_GOLDEN,50
AT_097,CRAFTING_NORMAL,40
AT_097,CRAFTING_GOLDEN,400
AT_097,DISENCHANT_NORMAL,5
AT_097,DISENCHANT_GOLDEN,50
GVG_033,CRAFTING_NORMAL,400
GVG_033,CRAFTING_GOLDEN,1600
GVG_033,DISENCHANT_NORMAL,100
GVG_033,DISENCHANT_GOLDEN,400
OG_073,CRAFTING_NORMAL,100
OG_073,CRAFTING_GOLDEN,800
OG_073,DISENCHANT_NORMAL,20
OG_073,DISENCHANT_GOLDEN,100
EX1_245,CRAFTING_NORMAL,40
EX1_245,CRAFTING_GOLDEN,400
EX1_245,DISENCHANT_NORMAL,5
EX1_245,DISENCHANT_GOLDEN,50
AT_042,CRAFTING_NORMAL,40
AT_042,CRAFTING_GOLDEN,400
AT_042,DISENCHANT_NORMAL,5
AT_042,DISENCHANT_GOLDEN,50
OG_340,CRAFTING_NORMAL,1600
OG_340,CRAFTING_GOLDEN,3200
OG_340,DISENCHANT_NORMAL,400
OG_340,DISENCHANT_GOLDEN,1600
AT_102,CRAFTING_NORMAL,40
AT_102,CRAFTING_GOLDEN,400
AT_102,DISENCHANT_NORMAL,5
AT_102,DISENCHANT_GOLDEN,50
AT_111,CRAFTING_NORMAL,40
AT_111,CRAFTING_GOLDEN,400
AT_111,DISENCHANT_NORMAL,5
AT_111,DISENCHANT_GOLDEN,50
AT_125,CRAFTING_NORMAL,1600
AT_125,CRAFTING_GOLDEN,3200
AT_125,DISENCHANT_NORMAL,400
AT_125,DISENCHANT_GOLDEN,1600
EX1_048,CRAFTING_NORMAL,40
EX1_048,CRAFTING_GOLDEN,400
EX1_048,DISENCHANT_NORMAL,5
EX1_048,DISENCHANT_GOLDEN,50
NEW1_023,CRAFTING_NORMAL,40
NEW1_023,CRAFTING_GOLDEN,400
NEW1_023,DISENCHANT_NORMAL,5
NEW1_023,DISENCHANT_GOLDEN,50
OG_081,CRAFTING_NORMAL,40
OG_081,CRAFTING_GOLDEN,400
OG_081,DISENCHANT_NORMAL,5
OG_081,DISENCHANT_GOLDEN,50
EX1_007,CRAFTING_NORMAL,40
EX1_007,CRAFTING_GOLDEN,400
EX1_007,DISENCHANT_NORMAL,5
EX1_007,DISENCHANT_GOLDEN,50
EX1_251,CRAFTING_NORMAL,40
EX1_251,CRAFTING_GOLDEN,400
EX1_251,DISENCHANT_NORMAL,5
EX1_251,DISENCHANT_GOLDEN,50
AT_078,CRAFTING_NORMAL,400
AT_078,CRAFTING_GOLDEN,1600
AT_078,DISENCHANT_NORMAL,100
AT_078,DISENCHANT_GOLDEN,400
EX1_609,CRAFTING_NORMAL,40
EX1_609,CRAFTING_GOLDEN,400
EX1_609,DISENCHANT_NORMAL,5
EX1_609,DISENCHANT_GOLDEN,50
AT_060,CRAFTING_NORMAL,40
AT_060,CRAFTING_GOLDEN,400
AT_060,DISENCHANT_NORMAL,5
AT_060,DISENCHANT_GOLDEN,50
GVG_070,CRAFTING_NORMAL,40
GVG_070,CRAFTING_GOLDEN,400
GVG_070,DISENCHANT_NORMAL,5
GVG_070,DISENCHANT_GOLDEN,50
EX1_412,CRAFTING_NORMAL,40
EX1_412,CRAFTING_GOLDEN,400
EX1_412,DISENCHANT_NORMAL,5
EX1_412,DISENCHANT_GOLDEN,50
AT_076,CRAFTING_NORMAL,40
AT_076,CRAFTING_GOLDEN,400
AT_076,DISENCHANT_NORMAL,5
AT_076,DISENCHANT_GOLDEN,50
GVG_069,CRAFTING_NORMAL,40
GVG_069,CRAFTING_GOLDEN,400
GVG_069,DISENCHANT_NORMAL,5
GVG_069,DISENCHANT_GOLDEN,50
EX1_247,CRAFTING_NORMAL,40
EX1_247,CRAFTING_GOLDEN,400
EX1_247,DISENCHANT_NORMAL,5
EX1_247,DISENCHANT_GOLDEN,50
OG_042,CRAFTING_NORMAL,1600
OG_042,CRAFTING_GOLDEN,3200
OG_042,DISENCHANT_NORMAL,400
OG_042,DISENCHANT_GOLDEN,1600
AT_028,CRAFTING_NORMAL,40
AT_028,CRAFTING_GOLDEN,400
AT_028,DISENCHANT_NORMAL,5
AT_028,DISENCHANT_GOLDEN,50
AT_015,CRAFTING_NORMAL,100
AT_015,CRAFTING_GOLDEN,800
AT_015,DISENCHANT_NORMAL,20
AT_015,DISENCHANT_GOLDEN,100
GVG_059,CRAFTING_NORMAL,400
GVG_059,CRAFTING_GOLDEN,1600
GVG_059,DISENCHANT_NORMAL,100
GVG_059,DISENCHANT_GOLDEN,400
OG_134,CRAFTING_NORMAL,1600
OG_134,CRAFTING_GOLDEN,3200
OG_134,DISENCHANT_NORMAL,400
OG_134,DISENCHANT_GOLDEN,1600
GVG_037,CRAFTING_NORMAL,40
GVG_037,CRAFTING_GOLDEN,400
GVG_037,DISENCHANT_NORMAL,5
GVG_037,DISENCHANT_GOLDEN,50
EX1_507,CRAFTING_NORMAL,400
EX1_507,CRAFTING_GOLDEN,1600
EX1_507,DISENCHANT_NORMAL,100
EX1_507,DISENCHANT_GOLDEN,400
AT_037,CRAFTING_NORMAL,40
AT_037,CRAFTING_GOLDEN,400
AT_037,DISENCHANT_NORMAL,5
AT_037,DISENCHANT_GOLDEN,50
EX1_046,CRAFTING_NORMAL,40
EX1_046,CRAFTING_GOLDEN,400
EX1_046,DISENCHANT_NORMAL,5
EX1_046,DISENCHANT_GOLDEN,50
CS2_233,CRAFTING_NORMAL,100
CS2_233,CRAFTING_GOLDEN,800
CS2_233,DISENCHANT_NORMAL,20
CS2_233,DISENCHANT_GOLDEN,100
EX1_303,CRAFTING_NORMAL,100
EX1_303,CRAFTING_GOLDEN,800
EX1_303,DISENCHANT_NORMAL,20
EX1_303,DISENCHANT_GOLDEN,100
AT_058,CRAFTING_NORMAL,40
AT_058,CRAFTING_GOLDEN,400
AT_058,DISENCHANT_NORMAL,5
AT_058,DISENCHANT_GOLDEN,50
GVG_088,CRAFTING_NORMAL,100
GVG_088,CRAFTING_GOLDEN,800
GVG_088,DISENCHANT_NORMAL,20
GVG_088,DISENCHANT_GOLDEN,100
EX1_124,CRAFTING_NORMAL,40
EX1_124,CRAFTING_GOLDEN,400
EX1_124,DISENCHANT_NORMAL,5
EX1_124,DISENCHANT_GOLDEN,50
EX1_091,CRAFTING_NORMAL,400
EX1_091,CRAFTING_GOLDEN,1600
EX1_091,DISENCHANT_NORMAL,100
EX1_091,DISENCHANT_GOLDEN,400
AT_019,CRAFTING_NORMAL,400
AT_019,CRAFTING_GOLDEN,1600
AT_019,DISENCHANT_NORMAL,100
AT_019,DISENCHANT_GOLDEN,400
EX1_finkle,CRAFTING_NORMAL,1600
EX1_finkle,CRAFTING_GOLDEN,3200
EX1_finkle,DISENCHANT_NORMAL,400
EX1_finkle,DISENCHANT_GOLDEN,1600
NEW1_024,CRAFTING_NORMAL,1600
NEW1_024,CRAFTING_GOLDEN,3200
NEW1_024,DISENCHANT_NORMAL,400
NEW1_024,DISENCHANT_GOLDEN,1600
GVG_094,CRAFTING_NORMAL,100
GVG_094,CRAFTING_GOLDEN,800
GVG_094,DISENCHANT_NORMAL,20
GVG_094,DISENCHANT_GOLDEN,100
EX1_562,CRAFTING_NORMAL,1600
EX1_562,CRAFTING_GOLDEN,3200
EX1_562,DISENCHANT_NORMAL,400
EX1_562,DISENCHANT_GOLDEN,1600
EX1_304,CRAFTING_NORMAL,100
EX1_304,CRAFTING_GOLDEN,800
EX1_304,DISENCHANT_NORMAL,20
EX1_304,DISENCHANT_GOLDEN,100
EX1_335,CRAFTING_NORMAL,40
EX1_335,CRAFTING_GOLDEN,400
EX1_335,DISENCHANT_NORMAL,5
EX1_335,DISENCHANT_GOLDEN,50
EX1_611,CRAFTING_NORMAL,40
EX1_611,CRAFTING_GOLDEN,400
EX1_611,DISENCHANT_NORMAL,5
EX1_611,DISENCHANT_GOLDEN,50
GVG_083,CRAFTING_NORMAL,100
GVG_083,CRAFTING_GOLDEN,800
GVG_083,DISENCHANT_NORMAL,20
GVG_083,DISENCHANT_GOLDEN,100
OG_293,CRAFTING_NORMAL,40
OG_293,CRAFTING_GOLDEN,400
OG_293,DISENCHANT_NORMAL,5
OG_293,DISENCHANT_GOLDEN,50
OG_024,CRAFTING_NORMAL,40
OG_024,CRAFTING_GOLDEN,400
OG_024,DISENCHANT_NORMAL,5
OG_024,DISENCHANT_GOLDEN,50
GVG_102,CRAFTING_NORMAL,40
GVG_102,CRAFTING_GOLDEN,400
GVG_102,DISENCHANT_NORMAL,5
GVG_102,DISENCHANT_GOLDEN,50
OG_122,CRAFTING_NORMAL,1600
OG_122,CRAFTING_GOLDEN,3200
OG_122,DISENCHANT_NORMAL,400
OG_122,DISENCHANT_GOLDEN,1600
AT_043,CRAFTING_NORMAL,400
AT_043,CRAFTING_GOLDEN,1600
AT_043,DISENCHANT_NORMAL,100
AT_043,DISENCHANT_GOLDEN,400
EX1_382,CRAFTING_NORMAL,100
EX1_382,CRAFTING_GOLDEN,800
EX1_382,DISENCHANT_NORMAL,20
EX1_382,DISENCHANT_GOLDEN,100
GVG_039,CRAFTING_NORMAL,100
GVG_039,CRAFTING_GOLDEN,800
GVG_039,DISENCHANT_NORMAL,20
GVG_039,DISENCHANT_GOLDEN,100
OG_239,CRAFTING_NORMAL,400
OG_239,CRAFTING_GOLDEN,1600
OG_239,DISENCHANT_NORMAL,100
OG_239,DISENCHANT_GOLDEN,400
OG_272,CRAFTING_NORMAL,400
OG_272,CRAFTING_GOLDEN,1600
OG_272,DISENCHANT_NORMAL,100
OG_272,DISENCHANT_GOLDEN,400
AT_034,CRAFTING_NORMAL,400
AT_034,CRAFTING_GOLDEN,1600
AT_034,DISENCHANT_NORMAL,100
AT_034,DISENCHANT_GOLDEN,400
EX1_134,CRAFTING_NORMAL,100
EX1_134,CRAFTING_GOLDEN,800
EX1_134,DISENCHANT_NORMAL,20
EX1_134,DISENCHANT_GOLDEN,100
AT_083,CRAFTING_NORMAL,40
AT_083,CRAFTING_GOLDEN,400
AT_083,DISENCHANT_NORMAL,5
AT_083,DISENCHANT_GOLDEN,50
OG_302,CRAFTING_NORMAL,40
OG_302,CRAFTING_GOLDEN,400
OG_302,DISENCHANT_NORMAL,5
OG_302,DISENCHANT_GOLDEN,50
AT_012,CRAFTING_NORMAL,100
AT_012,CRAFTING_GOLDEN,800
AT_012,DISENCHANT_NORMAL,20
AT_012,DISENCHANT_GOLDEN,100
OG_080,CRAFTING_NORMAL,1600
OG_080,CRAFTING_GOLDEN,3200
OG_080,DISENCHANT_NORMAL,400
OG_080,DISENCHANT_GOLDEN,1600
AT_098,CRAFTING_NORMAL,400
AT_098,CRAFTING_GOLDEN,1600
AT_098,DISENCHANT_NORMAL,100
AT_098,DISENCHANT_GOLDEN,400
EX1_170,CRAFTING_NORMAL,100
EX1_170,CRAFTING_GOLDEN,800
EX1_170,DISENCHANT_NORMAL,20
EX1_170,DISENCHANT_GOLDEN,100
EX1_058,CRAFTING_NORMAL,100
EX1_058,CRAFTING_GOLDEN,800
EX1_058,DISENCHANT_NORMAL,20
EX1_058,DISENCHANT_GOLDEN,100
EX1_577,CRAFTING_NORMAL,1600
EX1_577,CRAFTING_GOLDEN,3200
EX1_577,DISENCHANT_NORMAL,400
EX1_577,DISENCHANT_GOLDEN,1600
CS2_181,CRAFTING_NORMAL,100
CS2_181,CRAFTING_GOLDEN,800
CS2_181,DISENCHANT_NORMAL,20
CS2_181,DISENCHANT_GOLDEN,100
OG_202b,CRAFTING_NORMAL,100
OG_202b,CRAFTING_GOLDEN,800
OG_202b,DISENCHANT_NORMAL,20
OG_202b,DISENCHANT_GOLDEN,100
EX1_284,CRAFTING_NORMAL,100
EX1_284,CRAFTING_GOLDEN,800
EX1_284,DISENCHANT_NORMAL,20
EX1_284,DISENCHANT_GOLDEN,100
EX1_613,CRAFTING_NORMAL,1600
EX1_613,CRAFTING_GOLDEN,3200
EX1_613,DISENCHANT_NORMAL,400
EX1_613,DISENCHANT_GOLDEN,1600
EX1_623,CRAFTING_NORMAL,40
EX1_623,CRAFTING_GOLDEN,400
EX1_623,DISENCHANT_NORMAL,5
EX1_623,DISENCHANT_GOLDEN,50
OG_223,CRAFTING_NORMAL,40
OG_223,CRAFTING_GOLDEN,400
OG_223,DISENCHANT_NORMAL,5
OG_223,DISENCHANT_GOLDEN,50
EX1_309,CRAFTING_NORMAL,100
EX1_309,CRAFTING_GOLDEN,800
EX1_309,DISENCHANT_NORMAL,20
EX1_309,DISENCHANT_GOLDEN,100
EX1_008,CRAFTING_NORMAL,40
EX1_008,CRAFTING_GOLDEN,400
EX1_008,DISENCHANT_NORMAL,5
EX1_008,DISENCHANT_GOLDEN,50
EX1_076,CRAFTING_NORMAL,100
EX1_076,CRAFTING_GOLDEN,800
EX1_076,DISENCHANT_NORMAL,20
EX1_076,DISENCHANT_GOLDEN,100
EX1_558,CRAFTING_NORMAL,1600
EX1_558,CRAFTING_GOLDEN,3200
EX1_558,DISENCHANT_NORMAL,400
EX1_558,DISENCHANT_GOLDEN,1600
NEW1_022,CRAFTING_NORMAL,40
NEW1_022,CRAFTING_GOLDEN,400
NEW1_022,DISENCHANT_NORMAL,5
NEW1_022,DISENCHANT_GOLDEN,50
EX1_160,CRAFTING_NORMAL,40
EX1_160,CRAFTING_GOLDEN,400
EX1_160,DISENCHANT_NORMAL,5
EX1_160,DISENCHANT_GOLDEN,50
AT_068,CRAFTING_NORMAL,40
AT_068,CRAFTING_GOLDEN,400
AT_068,DISENCHANT_NORMAL,5
AT_068,DISENCHANT_GOLDEN,50
EX1_017,CRAFTING_NORMAL,40
EX1_017,CRAFTING_GOLDEN,400
EX1_017,DISENCHANT_NORMAL,5
EX1_017,DISENCHANT_GOLDEN,50
GVG_064,CRAFTING_NORMAL,40
GVG_064,CRAFTING_GOLDEN,400
GVG_064,DISENCHANT_NORMAL,5
GVG_064,DISENCHANT_GOLDEN,50
GVG_032,CRAFTING_NORMAL,100
GVG_032,CRAFTING_GOLDEN,800
GVG_032,DISENCHANT_NORMAL,20
GVG_032,DISENCHANT_GOLDEN,100
EX1_595,CRAFTING_NORMAL,40
EX1_595,CRAFTING_GOLDEN,400
EX1_595,DISENCHANT_NORMAL,5
EX1_595,DISENCHANT_GOLDEN,50
AT_070,CRAFTING_NORMAL,1600
AT_070,CRAFTING_GOLDEN,3200
AT_070,DISENCHANT_NORMAL,400
AT_070,DISENCHANT_GOLDEN,1600
EX1_032,CRAFTING_NORMAL,100
EX1_032,CRAFTING_GOLDEN,800
EX1_032,DISENCHANT_NORMAL,20
EX1_032,DISENCHANT_GOLDEN,100
EX1_014,CRAFTING_NORMAL,1600
EX1_014,CRAFTING_GOLDEN,3200
EX1_014,DISENCHANT_NORMAL,400
EX1_014,DISENCHANT_GOLDEN,1600
GVG_076,CRAFTING_NORMAL,40
GVG_076,CRAFTING_GOLDEN,400
GVG_076,DISENCHANT_NORMAL,5
GVG_076,DISENCHANT_GOLDEN,50
OG_249,CRAFTING_NORMAL,40
OG_249,CRAFTING_GOLDEN,400
OG_249,DISENCHANT_NORMAL,5
OG_249,DISENCHANT_GOLDEN,50
GVG_022,CRAFTING_NORMAL,40
GVG_022,CRAFTING_GOLDEN,400
GVG_022,DISENCHANT_NORMAL,5
GVG_022,DISENCHANT_GOLDEN,50
AT_030,CRAFTING_NORMAL,40
AT_030,CRAFTING_GOLDEN,400
AT_030,DISENCHANT_NORMAL,5
AT_030,DISENCHANT_GOLDEN,50
AT_027,CRAFTING_NORMAL,1600
AT_027,CRAFTING_GOLDEN,3200
AT_027,DISENCHANT_NORMAL,400
AT_027,DISENCHANT_GOLDEN,1600
EX1_578,CRAFTING_NORMAL,100
EX1_578,CRAFTING_GOLDEN,800
EX1_578,DISENCHANT_NORMAL,20
EX1_578,DISENCHANT_GOLDEN,100
AT_020,CRAFTING_NORMAL,40
AT_020,CRAFTING_GOLDEN,400
AT_020,DISENCHANT_NORMAL,5
AT_020,DISENCHANT_GOLDEN,50
AT_032,CRAFTING_NORMAL,100
AT_032,CRAFTING_GOLDEN,800
AT_032,DISENCHANT_NORMAL,20
AT_032,DISENCHANT_GOLDEN,100
CS2_161,CRAFTING_NORMAL,100
CS2_161,CRAFTING_GOLDEN,800
CS2_161,DISENCHANT_NORMAL,20
CS2_161,DISENCHANT_GOLDEN,100
EX1_165t2,CRAFTING_NORMAL,40
EX1_165t2,CRAFTING_GOLDEN,400
EX1_165t2,DISENCHANT_NORMAL,5
EX1_165t2,DISENCHANT_GOLDEN,50
GVG_044,CRAFTING_NORMAL,40
GVG_044,CRAFTING_GOLDEN,400
GVG_044,DISENCHANT_NORMAL,5
GVG_044,DISENCHANT_GOLDEN,50
OG_207,CRAFTING_NORMAL,40
OG_207,CRAFTING_GOLDEN,400
OG_207,DISENCHANT_NORMAL,5
OG_207,DISENCHANT_GOLDEN,50
OG_102,CRAFTING_NORMAL,400
OG_102,CRAFTING_GOLDEN,1600
OG_102,DISENCHANT_NORMAL,100
OG_102,DISENCHANT_GOLDEN,400
EX1_110,CRAFTING_NORMAL,1600
EX1_110,CRAFTING_GOLDEN,3200
EX1_110,DISENCHANT_NORMAL,400
EX1_110,DISENCHANT_GOLDEN,1600
NEW1_014,CRAFTING_NORMAL,100
NEW1_014,CRAFTING_GOLDEN,800
NEW1_014,DISENCHANT_NORMAL,20
NEW1_014,DISENCHANT_GOLDEN,100
AT_026,CRAFTING_NORMAL,40
AT_026,CRAFTING_GOLDEN,400
AT_026,DISENCHANT_NORMAL,5
AT_026,DISENCHANT_GOLDEN,50
TB_OG_027,CRAFTING_NORMAL,100
TB_OG_027,CRAFTING_GOLDEN,800
TB_OG_027,DISENCHANT_NORMAL,20
TB_OG_027,DISENCHANT_GOLDEN,100
AT_089,CRAFTING_NORMAL,40
AT_089,CRAFTING_GOLDEN,400
AT_089,DISENCHANT_NORMAL,5
AT_089,DISENCHANT_GOLDEN,50
EX1_043,CRAFTING_NORMAL,100
EX1_043,CRAFTING_GOLDEN,800
EX1_043,DISENCHANT_NORMAL,20
EX1_043,DISENCHANT_GOLDEN,100
EX1_603,CRAFTING_NORMAL,40
EX1_603,CRAFTING_GOLDEN,400
EX1_603,DISENCHANT_NORMAL,5
EX1_603,DISENCHANT_GOLDEN,50
EX1_096,CRAFTING_NORMAL,40
EX1_096,CRAFTING_GOLDEN,400
EX1_096,DISENCHANT_NORMAL,5
EX1_096,DISENCHANT_GOLDEN,50
EX1_531,CRAFTING_NORMAL,40
EX1_531,CRAFTING_GOLDEN,400
EX1_531,DISENCHANT_NORMAL,5
EX1_531,DISENCHANT_GOLDEN,50
OG_282,CRAFTING_NORMAL,400
OG_282,CRAFTING_GOLDEN,1600
OG_282,DISENCHANT_NORMAL,100
OG_282,DISENCHANT_GOLDEN,400
EX1_085,CRAFTING_NORMAL,100
EX1_085,CRAFTING_GOLDEN,800
EX1_085,DISENCHANT_NORMAL,20
EX1_085,DISENCHANT_GOLDEN,100
EX1_608,CRAFTING_NORMAL,40
EX1_608,CRAFTING_GOLDEN,400
EX1_608,DISENCHANT_NORMAL,5
EX1_608,DISENCHANT_GOLDEN,50
EX1_543,CRAFTING_NORMAL,1600
EX1_543,CRAFTING_GOLDEN,3200
EX1_543,DISENCHANT_NORMAL,400
EX1_543,DISENCHANT_GOLDEN,1600
GVG_008,CRAFTING_NORMAL,400
GVG_008,CRAFTING_GOLDEN,1600
GVG_008,DISENCHANT_NORMAL,100
GVG_008,DISENCHANT_GOLDEN,400
EX1_396,CRAFTING_NORMAL,40
EX1_396,CRAFTING_GOLDEN,400
EX1_396,DISENCHANT_NORMAL,5
EX1_396,DISENCHANT_GOLDEN,50
GVG_036,CRAFTING_NORMAL,100
GVG_036,CRAFTING_GOLDEN,800
GVG_036,DISENCHANT_NORMAL,20
GVG_036,DISENCHANT_GOLDEN,100
OG_090,CRAFTING_NORMAL,400
OG_090,CRAFTING_GOLDEN,1600
OG_090,DISENCHANT_NORMAL,100
OG_090,DISENCHANT_GOLDEN,400
AT_062,CRAFTING_NORMAL,100
AT_062,CRAFTING_GOLDEN,800
AT_062,DISENCHANT_NORMAL,20
AT_062,DISENCHANT_GOLDEN,100
AT_040,CRAFTING_NORMAL,40
AT_040,CRAFTING_GOLDEN,400
AT_040,DISENCHANT_NORMAL,5
AT_040,DISENCHANT_GOLDEN,50
GVG_023,CRAFTING_NORMAL,40
GVG_023,CRAFTING_GOLDEN,400
GVG_023,DISENCHANT_NORMAL,5
GVG_023,DISENCHANT_GOLDEN,50
AT_100,CRAFTING_NORMAL,40
AT_100,CRAFTING_GOLDEN,400
AT_100,DISENCHANT_NORMAL,5
AT_100,DISENCHANT_GOLDEN,50
OG_026,CRAFTING_NORMAL,400
OG_026,CRAFTING_GOLDEN,1600
OG_026,DISENCHANT_NORMAL,100
OG_026,DISENCHANT_GOLDEN,400
EX1_102,CRAFTING_NORMAL,100
EX1_102,CRAFTING_GOLDEN,800
EX1_102,DISENCHANT_NORMAL,20
EX1_102,DISENCHANT_GOLDEN,100
OG_138,CRAFTING_NORMAL,40
OG_138,CRAFTING_GOLDEN,400
OG_138,DISENCHANT_NORMAL,5
OG_138,DISENCHANT_GOLDEN,50
OG_292,CRAFTING_NORMAL,100
OG_292,CRAFTING_GOLDEN,800
OG_292,DISENCHANT_NORMAL,20
OG_292,DISENCHANT_GOLDEN,100
AT_018,CRAFTING_NORMAL,1600
AT_018,CRAFTING_GOLDEN,3200
AT_018,DISENCHANT_NORMAL,400
AT_018,DISENCHANT_GOLDEN,1600
OG_218,CRAFTING_NORMAL,40
OG_218,CRAFTING_GOLDEN,400
OG_218,DISENCHANT_NORMAL,5
OG_218,DISENCHANT_GOLDEN,50
GVG_111,CRAFTING_NORMAL,1600
GVG_111,CRAFTING_GOLDEN,3200
GVG_111,DISENCHANT_NORMAL,400
GVG_111,DISENCHANT_GOLDEN,1600
GVG_006,CRAFTING_NORMAL,40
GVG_006,CRAFTING_GOLDEN,400
GVG_006,DISENCHANT_NORMAL,5
GVG_006,DISENCHANT_GOLDEN,50
AT_128,CRAFTING_NORMAL,1600
AT_128,CRAFTING_GOLDEN,3200
AT_128,DISENCHANT_NORMAL,400
AT_128,DISENCHANT_GOLDEN,1600
EX1_133,CRAFTING_NORMAL,100
EX1_133,CRAFTING_GOLDEN,800
EX1_133,DISENCHANT_NORMAL,20
EX1_133,DISENCHANT_GOLDEN,100
GVG_027,CRAFTING_NORMAL,100
GVG_027,CRAFTING_GOLDEN,800
GVG_027,DISENCHANT_NORMAL,20
GVG_027,DISENCHANT_GOLDEN,100
GVG_101,CRAFTING_NORMAL,100
GVG_101,CRAFTING_GOLDEN,800
GVG_101,DISENCHANT_NORMAL,20
GVG_101,DISENCHANT_GOLDEN,100
EX1_083,CRAFTING_NORMAL,1600
EX1_083,CRAFTING_GOLDEN,3200
EX1_083,DISENCHANT_NORMAL,400
EX1_083,DISENCHANT_GOLDEN,1600
GVG_001,CRAFTING_NORMAL,40
GVG_001,CRAFTING_GOLDEN,400
GVG_001,DISENCHANT_NORMAL,5
GVG_001,DISENCHANT_GOLDEN,50
OG_031a,CRAFTING_NORMAL,400
OG_031a,CRAFTING_GOLDEN,1600
OG_031a,DISENCHANT_NORMAL,100
OG_031a,DISENCHANT_GOLDEN,400
AT_009,CRAFTING_NORMAL,1600
AT_009,CRAFTING_GOLDEN,3200
AT_009,DISENCHANT_NORMAL,400
AT_009,DISENCHANT_GOLDEN,1600
CS2_028,CRAFTING_NORMAL,100
CS2_028,CRAFTING_GOLDEN,800
CS2_028,DISENCHANT_NORMAL,20
CS2_028,DISENCHANT_GOLDEN,100
GVG_040,CRAFTING_NORMAL,400
GVG_040,CRAFTING_GOLDEN,1600
GVG_040,DISENCHANT_NORMAL,100
GVG_040,DISENCHANT_GOLDEN,400
AT_057,CRAFTING_NORMAL,400
AT_057,CRAFTING_GOLDEN,1600
AT_057,DISENCHANT_NORMAL,100
AT_057,DISENCHANT_GOLDEN,400
AT_118,CRAFTING_NORMAL,400
AT_118,CRAFTING_GOLDEN,1600
AT_118,DISENCHANT_NORMAL,100
AT_118,DISENCHANT_GOLDEN,400
OG_312,CRAFTING_NORMAL,40
OG_312,CRAFTING_GOLDEN,400
OG_312,DISENCHANT_NORMAL,5
OG_312,DISENCHANT_GOLDEN,50
NEW1_029,CRAFTING_NORMAL,1600
NEW1_029,CRAFTING_GOLDEN,3200
NEW1_029,DISENCHANT_NORMAL,400
NEW1_029,DISENCHANT_GOLDEN,1600
GVG_010,CRAFTING_NORMAL,40
GVG_010,CRAFTING_GOLDEN,400
GVG_010,DISENCHANT_NORMAL,5
GVG_010,DISENCHANT_GOLDEN,50
GVG_073,CRAFTING_NORMAL,40
GVG_073,CRAFTING_GOLDEN,400
GVG_073,DISENCHANT_NORMAL,5
GVG_073,DISENCHANT_GOLDEN,50
GVG_007,CRAFTING_NORMAL,1600
GVG_007,CRAFTING_GOLDEN,3200
GVG_007,DISENCHANT_NORMAL,400
GVG_007,DISENCHANT_GOLDEN,1600
GVG_092,CRAFTING_NORMAL,100
GVG_092,CRAFTING_GOLDEN,800
GVG_092,DISENCHANT_NORMAL,20
GVG_092,DISENCHANT_GOLDEN,100
OG_319,CRAFTING_NORMAL,1600
OG_319,CRAFTING_GOLDEN,3200
OG_319,DISENCHANT_NORMAL,400
OG_319,DISENCHANT_GOLDEN,1600
AT_042t,CRAFTING_NORMAL,40
AT_042t,CRAFTING_GOLDEN,400
AT_042t,DISENCHANT_NORMAL,5
AT_042t,DISENCHANT_GOLDEN,50
AT_024,CRAFTING_NORMAL,40
AT_024,CRAFTING_GOLDEN,400
AT_024,DISENCHANT_NORMAL,5
AT_024,DISENCHANT_GOLDEN,50
OG_330,CRAFTING_NORMAL,100
OG_330,CRAFTING_GOLDEN,800
OG_330,DISENCHANT_NORMAL,20
OG_330,DISENCHANT_GOLDEN,100
EX1_009,CRAFTING_NORMAL,100
EX1_009,CRAFTING_GOLDEN,800
EX1_009,DISENCHANT_NORMAL,20
EX1_009,DISENCHANT_GOLDEN,100
EX1_596,CRAFTING_NORMAL,40
EX1_596,CRAFTING_GOLDEN,400
EX1_596,DISENCHANT_NORMAL,5
EX1_596,DISENCHANT_GOLDEN,50
OG_202,CRAFTING_NORMAL,100
OG_202,CRAFTING_GOLDEN,800
OG_202,DISENCHANT_NORMAL,20
OG_202,DISENCHANT_GOLDEN,100
EX1_259,CRAFTING_NORMAL,100
EX1_259,CRAFTING_GOLDEN,800
EX1_259,DISENCHANT_NORMAL,20
EX1_259,DISENCHANT_GOLDEN,100
tt_004,CRAFTING_NORMAL,40
tt_004,CRAFTING_GOLDEN,400
tt_004,DISENCHANT_NORMAL,5
tt_004,DISENCHANT_GOLDEN,50
GVG_119,CRAFTING_NORMAL,1600
GVG_119,CRAFTING_GOLDEN,3200
GVG_119,DISENCHANT_NORMAL,400
GVG_119,DISENCHANT_GOLDEN,1600
EX1_029,CRAFTING_NORMAL,40
EX1_029,CRAFTING_GOLDEN,400
EX1_029,DISENCHANT_NORMAL,5
EX1_029,DISENCHANT_GOLDEN,50
OG_300,CRAFTING_NORMAL,1600
OG_300,CRAFTING_GOLDEN,3200
OG_300,DISENCHANT_NORMAL,400
OG_300,DISENCHANT_GOLDEN,1600
EX1_612,CRAFTING_NORMAL,100
EX1_612,CRAFTING_GOLDEN,800
EX1_612,DISENCHANT_NORMAL,20
EX1_612,DISENCHANT_GOLDEN,100
AT_038,CRAFTING_NORMAL,100
AT_038,CRAFTING_GOLDEN,800
AT_038,DISENCHANT_NORMAL,20
AT_038,DISENCHANT_GOLDEN,100
AT_120,CRAFTING_NORMAL,400
AT_120,CRAFTING_GOLDEN,1600
AT_120,DISENCHANT_NORMAL,100
AT_120,DISENCHANT_GOLDEN,400
CS2_151,CRAFTING_NORMAL,40
CS2_151,CRAFTING_GOLDEN,400
CS2_151,DISENCHANT_NORMAL,5
CS2_151,DISENCHANT_GOLDEN,50
AT_081,CRAFTING_NORMAL,1600
AT_081,CRAFTING_GOLDEN,3200
AT_081,DISENCHANT_NORMAL,400
AT_081,DISENCHANT_GOLDEN,1600
EX1_154,CRAFTING_NORMAL,40
EX1_154,CRAFTING_GOLDEN,400
EX1_154,DISENCHANT_NORMAL,5
EX1_154,DISENCHANT_GOLDEN,50
EX1_616,CRAFTING_NORMAL,100
EX1_616,CRAFTING_GOLDEN,800
EX1_616,DISENCHANT_NORMAL,20
EX1_616,DISENCHANT_GOLDEN,100
NEW1_012,CRAFTING_NORMAL,40
NEW1_012,CRAFTING_GOLDEN,400
NEW1_012,DISENCHANT_NORMAL,5
NEW1_012,DISENCHANT_GOLDEN,50
AT_051,CRAFTING_NORMAL,400
AT_051,CRAFTING_GOLDEN,1600
AT_051,DISENCHANT_NORMAL,100
AT_051,DISENCHANT_GOLDEN,400
EX1_158,CRAFTING_NORMAL,40
EX1_158,CRAFTING_GOLDEN,400
EX1_158,DISENCHANT_NORMAL,5
EX1_158,DISENCHANT_GOLDEN,50
OG_273,CRAFTING_NORMAL,40
OG_273,CRAFTING_GOLDEN,400
OG_273,DISENCHANT_NORMAL,5
OG_273,DISENCHANT_GOLDEN,50
AT_112,CRAFTING_NORMAL,100
AT_112,CRAFTING_GOLDEN,800
AT_112,DISENCHANT_NORMAL,20
AT_112,DISENCHANT_GOLDEN,100
AT_041,CRAFTING_NORMAL,100
AT_041,CRAFTING_GOLDEN,800
AT_041,DISENCHANT_NORMAL,20
AT_041,DISENCHANT_GOLDEN,100
EX1_607,CRAFTING_NORMAL,40
EX1_607,CRAFTING_GOLDEN,400
EX1_607,DISENCHANT_NORMAL,5
EX1_607,DISENCHANT_GOLDEN,50
EX1_165a,CRAFTING_NORMAL,40
EX1_165a,CRAFTING_GOLDEN,400
EX1_165a,DISENCHANT_NORMAL,5
EX1_165a,DISENCHANT_GOLDEN,50
CS2_053,CRAFTING_NORMAL,400
CS2_053,CRAFTING_GOLDEN,1600
CS2_053,DISENCHANT_NORMAL,100
CS2_053,DISENCHANT_GOLDEN,400
AT_115,CRAFTING_NORMAL,100
AT_115,CRAFTING_GOLDEN,800
AT_115,DISENCHANT_NORMAL,20
AT_115,DISENCHANT_GOLDEN,100
AT_071,CRAFTING_NORMAL,100
AT_071,CRAFTING_GOLDEN,800
AT_071,DISENCHANT_NORMAL,20
AT_071,DISENCHANT_GOLDEN,100
GVG_048,CRAFTING_NORMAL,100
GVG_048,CRAFTING_GOLDEN,800
GVG_048,DISENCHANT_NORMAL,20
GVG_048,DISENCHANT_GOLDEN,100
AT_055,CRAFTING_NORMAL,40
AT_055,CRAFTING_GOLDEN,400
AT_055,DISENCHANT_NORMAL,5
AT_055,DISENCHANT_GOLDEN,50
GVG_005,CRAFTING_NORMAL,400
GVG_005,CRAFTING_GOLDEN,1600
GVG_005,DISENCHANT_NORMAL,100
GVG_005,DISENCHANT_GOLDEN,400
OG_283,CRAFTING_NORMAL,40
OG_283,CRAFTING_GOLDEN,400
OG_283,DISENCHANT_NORMAL,5
OG_283,DISENCHANT_GOLDEN,50
CS2_031,CRAFTING_NORMAL,40
CS2_031,CRAFTING_GOLDEN,400
CS2_031,DISENCHANT_NORMAL,5
CS2_031,DISENCHANT_GOLDEN,50
OG_120,CRAFTING_NORMAL,1600
OG_120,CRAFTING_GOLDEN,3200
OG_120,DISENCHANT_NORMAL,400
OG_120,DISENCHANT_GOLDEN,1600
EX1_597,CRAFTING_NORMAL,100
EX1_597,CRAFTING_GOLDEN,800
EX1_597,DISENCHANT_NORMAL,20
EX1_597,DISENCHANT_GOLDEN,100
OG_195,CRAFTING_NORMAL,400
OG_195,CRAFTING_GOLDEN,1600
OG_195,DISENCHANT_NORMAL,100
OG_195,DISENCHANT_GOLDEN,400
AT_129,CRAFTING_NORMAL,1600
AT_129,CRAFTING_GOLDEN,3200
AT_129,DISENCHANT_NORMAL,400
AT_129,DISENCHANT_GOLDEN,1600
AT_114,CRAFTING_NORMAL,40
AT_114,CRAFTING_GOLDEN,400
AT_114,DISENCHANT_NORMAL,5
AT_114,DISENCHANT_GOLDEN,50
AT_001,CRAFTING_NORMAL,40
AT_001,CRAFTING_GOLDEN,400
AT_001,DISENCHANT_NORMAL,5
AT_001,DISENCHANT_GOLDEN,50
CS1_129,CRAFTING_NORMAL,40
CS1_129,CRAFTING_GOLDEN,400
CS1_129,DISENCHANT_NORMAL,5
CS1_129,DISENCHANT_GOLDEN,50
OG_121,CRAFTING_NORMAL,1600
OG_121,CRAFTING_GOLDEN,3200
OG_121,DISENCHANT_NORMAL,400
OG_121,DISENCHANT_GOLDEN,1600
EX1_283,CRAFTING_NORMAL,40
EX1_283,CRAFTING_GOLDEN,400
EX1_283,DISENCHANT_NORMAL,5
EX1_283,DISENCHANT_GOLDEN,50
GVG_106,CRAFTING_NORMAL,400
GVG_106,CRAFTING_GOLDEN,1600
GVG_106,DISENCHANT_NORMAL,100
GVG_106,DISENCHANT_GOLDEN,400
EX1_345t,CRAFTING_NORMAL,400
EX1_345t,CRAFTING_GOLDEN,1600
EX1_345t,DISENCHANT_NORMAL,100
EX1_345t,DISENCHANT_GOLDEN,400
EX1_619,CRAFTING_NORMAL,100
EX1_619,CRAFTING_GOLDEN,800
EX1_619,DISENCHANT_NORMAL,20
EX1_619,DISENCHANT_GOLDEN,100
AT_042b,CRAFTING_NORMAL,40
AT_042b,CRAFTING_GOLDEN,400
AT_042b,DISENCHANT_NORMAL,5
AT_042b,DISENCHANT_GOLDEN,50
EX1_116,CRAFTING_NORMAL,1600
EX1_116,CRAFTING_GOLDEN,3200
EX1_116,DISENCHANT_NORMAL,400
EX1_116,DISENCHANT_GOLDEN,1600
EX1_250,CRAFTING_NORMAL,400
EX1_250,CRAFTING_GOLDEN,1600
EX1_250,DISENCHANT_NORMAL,100
EX1_250,DISENCHANT_GOLDEN,400
GVG_034,CRAFTING_NORMAL,100
GVG_034,CRAFTING_GOLDEN,800
GVG_034,DISENCHANT_NORMAL,20
GVG_034,DISENCHANT_GOLDEN,100
GVG_051,CRAFTING_NORMAL,40
GVG_051,CRAFTING_GOLDEN,400
GVG_051,DISENCHANT_NORMAL,5
GVG_051,DISENCHANT_GOLDEN,50
AT_035,CRAFTING_NORMAL,400
AT_035,CRAFTING_GOLDEN,1600
AT_035,DISENCHANT_NORMAL,100
AT_035,DISENCHANT_GOLDEN,400
GVG_009,CRAFTING_NORMAL,400
GVG_009,CRAFTING_GOLDEN,1600
GVG_009,DISENCHANT_NORMAL,100
GVG_009,DISENCHANT_GOLDEN,400
AT_096,CRAFTING_NORMAL,40
AT_096,CRAFTING_GOLDEN,400
AT_096,DISENCHANT_NORMAL,5
AT_096,DISENCHANT_GOLDEN,50
OG_328,CRAFTING_NORMAL,100
OG_328,CRAFTING_GOLDEN,800
OG_328,DISENCHANT_NORMAL,20
OG_328,DISENCHANT_GOLDEN,100
CS1_069,CRAFTING_NORMAL,40
CS1_069,CRAFTING_GOLDEN,400
CS1_069,DISENCHANT_NORMAL,5
CS1_069,DISENCHANT_GOLDEN,50
GVG_021,CRAFTING_NORMAL,1600
GVG_021,CRAFTING_GOLDEN,3200
GVG_021,DISENCHANT_NORMAL,400
GVG_021,DISENCHANT_GOLDEN,1600
AT_003,CRAFTING_NORMAL,100
AT_003,CRAFTING_GOLDEN,800
AT_003,DISENCHANT_NORMAL,20
AT_003,DISENCHANT_GOLDEN,100
EX1_572,CRAFTING_NORMAL,1600
EX1_572,CRAFTING_GOLDEN,3200
EX1_572,DISENCHANT_NORMAL,400
EX1_572,DISENCHANT_GOLDEN,1600
GVG_004,CRAFTING_NORMAL,100
GVG_004,CRAFTING_GOLDEN,800
GVG_004,DISENCHANT_NORMAL,20
GVG_004,DISENCHANT_GOLDEN,100
OG_044a,CRAFTING_NORMAL,40
OG_044a,CRAFTING_GOLDEN,400
OG_044a,DISENCHANT_NORMAL,5
OG_044a,DISENCHANT_GOLDEN,50
OG_325,CRAFTING_NORMAL,40
OG_325,CRAFTING_GOLDEN,400
OG_325,DISENCHANT_NORMAL,5
OG_325,DISENCHANT_GOLDEN,50
AT_109,CRAFTING_NORMAL,100
AT_109,CRAFTING_GOLDEN,800
AT_109,DISENCHANT_NORMAL,20
AT_109,DISENCHANT_GOLDEN,100
OG_145,CRAFTING_NORMAL,40
OG_145,CRAFTING_GOLDEN,400
OG_145,DISENCHANT_NORMAL,5
OG_145,DISENCHANT_GOLDEN,50
EX1_561,CRAFTING_NORMAL,1600
EX1_561,CRAFTING_GOLDEN,3200
EX1_561,DISENCHANT_NORMAL,400
EX1_561,DISENCHANT_GOLDEN,1600
EX1_067,CRAFTING_NORMAL,100
EX1_067,CRAFTING_GOLDEN,800
EX1_067,DISENCHANT_NORMAL,20
EX1_067,DISENCHANT_GOLDEN,100
CS2_073,CRAFTING_NORMAL,40
CS2_073,CRAFTING_GOLDEN,400
CS2_073,DISENCHANT_NORMAL,5
CS2_073,DISENCHANT_GOLDEN,50
EX1_408,CRAFTING_NORMAL,100
EX1_408,CRAFTING_GOLDEN,800
EX1_408,DISENCHANT_NORMAL,20
EX1_408,DISENCHANT_GOLDEN,100
GVG_043,CRAFTING_NORMAL,40
GVG_043,CRAFTING_GOLDEN,400
GVG_043,DISENCHANT_NORMAL,5
GVG_043,DISENCHANT_GOLDEN,50
EX1_178,CRAFTING_NORMAL,400
EX1_178,CRAFTING_GOLDEN,1600
EX1_178,DISENCHANT_NORMAL,100
EX1_178,DISENCHANT_GOLDEN,400
EX1_045,CRAFTING_NORMAL,100
EX1_045,CRAFTING_GOLDEN,800
EX1_045,DISENCHANT_NORMAL,20
EX1_045,DISENCHANT_GOLDEN,100
GVG_104,CRAFTING_NORMAL,400
GVG_104,CRAFTING_GOLDEN,1600
GVG_104,DISENCHANT_NORMAL,100
GVG_104,DISENCHANT_GOLDEN,400
NEW1_041,CRAFTING_NORMAL,100
NEW1_041,CRAFTING_GOLDEN,800
NEW1_041,DISENCHANT_NORMAL,20
NEW1_041,DISENCHANT_GOLDEN,100
EX1_057,CRAFTING_NORMAL,40
EX1_057,CRAFTING_GOLDEN,400
EX1_057,DISENCHANT_NORMAL,5
EX1_057,DISENCHANT_GOLDEN,50
EX1_275,CRAFTING_NORMAL,40
EX1_275,CRAFTING_GOLDEN,400
EX1_275,DISENCHANT_NORMAL,5
EX1_275,DISENCHANT_GOLDEN,50
EX1_557,CRAFTING_NORMAL,1600
EX1_557,CRAFTING_GOLDEN,3200
EX1_557,DISENCHANT_NORMAL,400
EX1_557,DISENCHANT_GOLDEN,1600
GVG_061,CRAFTING_NORMAL,100
GVG_061,CRAFTING_GOLDEN,800
GVG_061,DISENCHANT_NORMAL,20
GVG_061,DISENCHANT_GOLDEN,100
GVG_071,CRAFTING_NORMAL,40
GVG_071,CRAFTING_GOLDEN,400
GVG_071,DISENCHANT_NORMAL,5
GVG_071,DISENCHANT_GOLDEN,50
GVG_014,CRAFTING_NORMAL,1600
GVG_014,CRAFTING_GOLDEN,3200
GVG_014,DISENCHANT_NORMAL,400
GVG_014,DISENCHANT_GOLDEN,1600
AT_077,CRAFTING_NORMAL,100
AT_077,CRAFTING_GOLDEN,800
AT_077,DISENCHANT_NORMAL,20
AT_077,DISENCHANT_GOLDEN,100
EX1_279,CRAFTING_NORMAL,400
EX1_279,CRAFTING_GOLDEN,1600
EX1_279,DISENCHANT_NORMAL,100
EX1_279,DISENCHANT_GOLDEN,400
EX1_332,CRAFTING_NORMAL,40
EX1_332,CRAFTING_GOLDEN,400
EX1_332,DISENCHANT_NORMAL,5
EX1_332,DISENCHANT_GOLDEN,50
OG_248,CRAFTING_NORMAL,40
OG_248,CRAFTING_GOLDEN,400
OG_248,DISENCHANT_NORMAL,5
OG_248,DISENCHANT_GOLDEN,50
EX1_097,CRAFTING_NORMAL,100
EX1_097,CRAFTING_GOLDEN,800
EX1_097,DISENCHANT_NORMAL,20
EX1_097,DISENCHANT_GOLDEN,100
OG_149,CRAFTING_NORMAL,40
OG_149,CRAFTING_GOLDEN,400
OG_149,DISENCHANT_NORMAL,5
OG_149,DISENCHANT_GOLDEN,50
OG_303,CRAFTING_NORMAL,100
OG_303,CRAFTING_GOLDEN,800
OG_303,DISENCHANT_NORMAL,20
OG_303,DISENCHANT_GOLDEN,100
CS2_203,CRAFTING_NORMAL,40
CS2_203,CRAFTING_GOLDEN,400
CS2_203,DISENCHANT_NORMAL,5
CS2_203,DISENCHANT_GOLDEN,50
AT_061,CRAFTING_NORMAL,400
AT_061,CRAFTING_GOLDEN,1600
AT_061,DISENCHANT_NORMAL,100
AT_061,DISENCHANT_GOLDEN,400
AT_072,CRAFTING_NORMAL,1600
AT_072,CRAFTING_GOLDEN,3200
AT_072,DISENCHANT_NORMAL,400
AT_072,DISENCHANT_GOLDEN,1600
AT_046,CRAFTING_NORMAL,40
AT_046,CRAFTING_GOLDEN,400
AT_046,DISENCHANT_NORMAL,5
AT_046,DISENCHANT_GOLDEN,50
GVG_042,CRAFTING_NORMAL,1600
GVG_042,CRAFTING_GOLDEN,3200
GVG_042,DISENCHANT_NORMAL,400
GVG_042,DISENCHANT_GOLDEN,1600
OG_047b,CRAFTING_NORMAL,40
OG_047b,CRAFTING_GOLDEN,400
OG_047b,DISENCHANT_NORMAL,5
OG_047b,DISENCHANT_GOLDEN,50
EX1_573,CRAFTING_NORMAL,1600
EX1_573,CRAFTING_GOLDEN,3200
EX1_573,DISENCHANT_NORMAL,400
EX1_573,DISENCHANT_GOLDEN,1600
EX1_391,CRAFTING_NORMAL,40
EX1_391,CRAFTING_GOLDEN,400
EX1_391,DISENCHANT_NORMAL,5
EX1_391,DISENCHANT_GOLDEN,50
OG_338,CRAFTING_NORMAL,1600
OG_338,CRAFTING_GOLDEN,3200
OG_338,DISENCHANT_NORMAL,400
OG_338,DISENCHANT_GOLDEN,1600
OG_267,CRAFTING_NORMAL,40
OG_267,CRAFTING_GOLDEN,400
OG_267,DISENCHANT_NORMAL,5
OG_267,DISENCHANT_GOLDEN,50
EX1_128,CRAFTING_NORMAL,40
EX1_128,CRAFTING_GOLDEN,400
EX1_128,DISENCHANT_NORMAL,5
EX1_128,DISENCHANT_GOLDEN,50
CS2_146,CRAFTING_NORMAL,40
CS2_146,CRAFTING_GOLDEN,400
CS2_146,DISENCHANT_NORMAL,5
CS2_146,DISENCHANT_GOLDEN,50
AT_008,CRAFTING_NORMAL,400
AT_008,CRAFTING_GOLDEN,1600
AT_008,DISENCHANT_NORMAL,100
AT_008,DISENCHANT_GOLDEN,400
AT_085,CRAFTING_NORMAL,40
AT_085,CRAFTING_GOLDEN,400
AT_085,DISENCHANT_NORMAL,5
AT_085,DISENCHANT_GOLDEN,50
GVG_018,CRAFTING_NORMAL,100
GVG_018,CRAFTING_GOLDEN,800
GVG_018,DISENCHANT_NORMAL,20
GVG_018,DISENCHANT_GOLDEN,100
AT_105,CRAFTING_NORMAL,100
AT_105,CRAFTING_GOLDEN,800
AT_105,DISENCHANT_NORMAL,20
AT_105,DISENCHANT_GOLDEN,100
OG_085,CRAFTING_NORMAL,100
OG_085,CRAFTING_GOLDEN,800
OG_085,DISENCHANT_NORMAL,20
OG_085,DISENCHANT_GOLDEN,100
EX1_402,CRAFTING_NORMAL,100
EX1_402,CRAFTING_GOLDEN,800
EX1_402,DISENCHANT_NORMAL,20
EX1_402,DISENCHANT_GOLDEN,100
OG_241,CRAFTING_NORMAL,40
OG_241,CRAFTING_GOLDEN,400
OG_241,DISENCHANT_NORMAL,5
OG_241,DISENCHANT_GOLDEN,50
EX1_016,CRAFTING_NORMAL,1600
EX1_016,CRAFTING_GOLDEN,3200
EX1_016,DISENCHANT_NORMAL,400
EX1_016,DISENCHANT_GOLDEN,1600
AT_073,CRAFTING_NORMAL,100
AT_073,CRAFTING_GOLDEN,800
AT_073,DISENCHANT_NORMAL,20
AT_073,DISENCHANT_GOLDEN,100
OG_301,CRAFTING_NORMAL,100
OG_301,CRAFTING_GOLDEN,800
OG_301,DISENCHANT_NORMAL,20
OG_301,DISENCHANT_GOLDEN,100
EX1_604,CRAFTING_NORMAL,100
EX1_604,CRAFTING_GOLDEN,800
EX1_604,DISENCHANT_NORMAL,20
EX1_604,DISENCHANT_GOLDEN,100
GVG_120,CRAFTING_NORMAL,1600
GVG_120,CRAFTING_GOLDEN,3200
GVG_120,DISENCHANT_NORMAL,400
GVG_120,DISENCHANT_GOLDEN,1600
EX1_100,CRAFTING_NORMAL,1600
EX1_100,CRAFTING_GOLDEN,3200
EX1_100,DISENCHANT_NORMAL,400
EX1_100,DISENCHANT_GOLDEN,1600
AT_059,CRAFTING_NORMAL,40
AT_059,CRAFTING_GOLDEN,400
AT_059,DISENCHANT_NORMAL,5
AT_059,DISENCHANT_GOLDEN,50
skele21,CRAFTING_NORMAL,40
skele21,CRAFTING_GOLDEN,400
skele21,DISENCHANT_NORMAL,5
skele21,DISENCHANT_GOLDEN,50
GVG_093,CRAFTING_NORMAL,100
GVG_093,CRAFTING_GOLDEN,800
GVG_093,DISENCHANT_NORMAL,20
GVG_093,DISENCHANT_GOLDEN,100
EX1_556,CRAFTING_NORMAL,40
EX1_556,CRAFTING_GOLDEN,400
EX1_556,DISENCHANT_NORMAL,5
EX1_556,DISENCHANT_GOLDEN,50
AT_122,CRAFTING_NORMAL,1600
AT_122,CRAFTING_GOLDEN,3200
AT_122,DISENCHANT_NORMAL,400
AT_122,DISENCHANT_GOLDEN,1600
GVG_111t,CRAFTING_NORMAL,1600
GVG_111t,CRAFTING_GOLDEN,3200
GVG_111t,DISENCHANT_NORMAL,400
GVG_111t,DISENCHANT_GOLDEN,1600
EX1_131,CRAFTING_NORMAL,40
EX1_131,CRAFTING_GOLDEN,400
EX1_131,DISENCHANT_NORMAL,5
EX1_131,DISENCHANT_GOLDEN,50
OG_322,CRAFTING_NORMAL,100
OG_322,CRAFTING_GOLDEN,800
OG_322,DISENCHANT_NORMAL,20
OG_322,DISENCHANT_GOLDEN,100
EX1_366,CRAFTING_NORMAL,400
EX1_366,CRAFTING_GOLDEN,1600
EX1_366,DISENCHANT_NORMAL,100
EX1_366,DISENCHANT_GOLDEN,400
AT_010,CRAFTING_NORMAL,100
AT_010,CRAFTING_GOLDEN,800
AT_010,DISENCHANT_NORMAL,20
AT_010,DISENCHANT_GOLDEN,100
OG_027,CRAFTING_NORMAL,100
OG_027,CRAFTING_GOLDEN,800
OG_027,DISENCHANT_NORMAL,20
OG_027,DISENCHANT_GOLDEN,100
GVG_096,CRAFTING_NORMAL,40
GVG_096,CRAFTING_GOLDEN,400
GVG_096,DISENCHANT_NORMAL,5
GVG_096,DISENCHANT_GOLDEN,50
EX1_355,CRAFTING_NORMAL,100
EX1_355,CRAFTING_GOLDEN,800
EX1_355,DISENCHANT_NORMAL,20
EX1_355,DISENCHANT_GOLDEN,100
EX1_559,CRAFTING_NORMAL,1600
EX1_559,CRAFTING_GOLDEN,3200
EX1_559,DISENCHANT_NORMAL,400
EX1_559,DISENCHANT_GOLDEN,1600
EX1_160t,CRAFTING_NORMAL,40
EX1_160t,CRAFTING_GOLDEN,400
EX1_160t,DISENCHANT_NORMAL,5
EX1_160t,DISENCHANT_GOLDEN,50
EX1_591,CRAFTING_NORMAL,100
EX1_591,CRAFTING_GOLDEN,800
EX1_591,DISENCHANT_NORMAL,20
EX1_591,DISENCHANT_GOLDEN,100
EX1_tk29,CRAFTING_NORMAL,40
EX1_tk29,CRAFTING_GOLDEN,400
EX1_tk29,DISENCHANT_NORMAL,5
EX1_tk29,DISENCHANT_GOLDEN,50
AT_050,CRAFTING_NORMAL,400
AT_050,CRAFTING_GOLDEN,1600
AT_050,DISENCHANT_NORMAL,100
AT_050,DISENCHANT_GOLDEN,400
AT_106,CRAFTING_NORMAL,100
AT_106,CRAFTING_GOLDEN,800
AT_106,DISENCHANT_NORMAL,20
AT_106,DISENCHANT_GOLDEN,100
EX1_533,CRAFTING_NORMAL,100
EX1_533,CRAFTING_GOLDEN,800
EX1_533,DISENCHANT_NORMAL,20
EX1_533,DISENCHANT_GOLDEN,100
NEW1_030,CRAFTING_NORMAL,1600
NEW1_030,CRAFTING_GOLDEN,3200
NEW1_030,DISENCHANT_NORMAL,400
NEW1_030,DISENCHANT_GOLDEN,1600
EX1_310,CRAFTING_NORMAL,100
EX1_310,CRAFTING_GOLDEN,800
EX1_310,DISENCHANT_NORMAL,20
EX1_310,DISENCHANT_GOLDEN,100
AT_088,CRAFTING_NORMAL,100
AT_088,CRAFTING_GOLDEN,800
AT_088,DISENCHANT_NORMAL,20
AT_088,DISENCHANT_GOLDEN,100
OG_320,CRAFTING_NORMAL,100
OG_320,CRAFTING_GOLDEN,800
OG_320,DISENCHANT_NORMAL,20
OG_320,DISENCHANT_GOLDEN,100
EX1_617,CRAFTING_NORMAL,40
EX1_617,CRAFTING_GOLDEN,400
EX1_617,DISENCHANT_NORMAL,5
EX1_617,DISENCHANT_GOLDEN,50
GVG_031,CRAFTING_NORMAL,100
GVG_031,CRAFTING_GOLDEN,800
GVG_031,DISENCHANT_NORMAL,20
GVG_031,DISENCHANT_GOLDEN,100
EX1_033,CRAFTING_NORMAL,40
EX1_033,CRAFTING_GOLDEN,400
EX1_033,DISENCHANT_NORMAL,5
EX1_033,DISENCHANT_GOLDEN,50
OG_323,CRAFTING_NORMAL,40
OG_323,CRAFTING_GOLDEN,400
OG_323,DISENCHANT_NORMAL,5
OG_323,DISENCHANT_GOLDEN,50
NEW1_025,CRAFTING_NORMAL,100
NEW1_025,CRAFTING_GOLDEN,800
NEW1_025,DISENCHANT_NORMAL,20
NEW1_025,DISENCHANT_GOLDEN,100
OG_209,CRAFTING_NORMAL,1600
OG_209,CRAFTING_GOLDEN,3200
OG_209,DISENCHANT_NORMAL,400
OG_209,DISENCHANT_GOLDEN,1600
EX1_136,CRAFTING_NORMAL,40
EX1_136,CRAFTING_GOLDEN,400
EX1_136,DISENCHANT_NORMAL,5
EX1_136,DISENCHANT_GOLDEN,50
OG_109,CRAFTING_NORMAL,100
OG_109,CRAFTING_GOLDEN,800
OG_109,DISENCHANT_NORMAL,20
OG_109,DISENCHANT_GOLDEN,100
OG_279,CRAFTING_NORMAL,1600
OG_279,CRAFTING_GOLDEN,3200
OG_279,DISENCHANT_NORMAL,400
OG_279,DISENCHANT_GOLDEN,1600
EX1_522,CRAFTING_NORMAL,400
EX1_522,CRAFTING_GOLDEN,1600
EX1_522,DISENCHANT_NORMAL,100
EX1_522,DISENCHANT_GOLDEN,400
EX1_095,CRAFTING_NORMAL,100
EX1_095,CRAFTING_GOLDEN,800
EX1_095,DISENCHANT_NORMAL,20
EX1_095,DISENCHANT_GOLDEN,100
tt_010a,CRAFTING_NORMAL,400
tt_010a,CRAFTING_GOLDEN,1600
tt_010a,DISENCHANT_NORMAL,100
tt_010a,DISENCHANT_GOLDEN,400
GVG_058,CRAFTING_NORMAL,40
GVG_058,CRAFTING_GOLDEN,400
GVG_058,DISENCHANT_NORMAL,5
GVG_058,DISENCHANT_GOLDEN,50
EX1_383,CRAFTING_NORMAL,1600
EX1_383,CRAFTING_GOLDEN,3200
EX1_383,DISENCHANT_NORMAL,400
EX1_383,DISENCHANT_GOLDEN,1600
AT_036,CRAFTING_NORMAL,1600
AT_036,CRAFTING_GOLDEN,3200
AT_036,DISENCHANT_NORMAL,400
AT_036,DISENCHANT_GOLDEN,1600
EX1_248,CRAFTING_NORMAL,100
EX1_248,CRAFTING_GOLDEN,800
EX1_248,DISENCHANT_NORMAL,20
EX1_248,DISENCHANT_GOLDEN,100
OG_114,CRAFTING_NORMAL,100
OG_114,CRAFTING_GOLDEN,800
OG_114,DISENCHANT_NORMAL,20
OG_114,DISENCHANT_GOLDEN,100
AT_099,CRAFTING_NORMAL,400
AT_099,CRAFTING_GOLDEN,1600
AT_099,DISENCHANT_NORMAL,100
AT_099,DISENCHANT_GOLDEN,400
AT_117,CRAFTING_NORMAL,400
AT_117,CRAFTING_GOLDEN,1600
AT_117,DISENCHANT_NORMAL,100
AT_117,DISENCHANT_GOLDEN,400
OG_034,CRAFTING_NORMAL,100
OG_034,CRAFTING_GOLDEN,800
OG_034,DISENCHANT_NORMAL,20
OG_034,DISENCHANT_GOLDEN,100
OG_083,CRAFTING_NORMAL,40
OG_083,CRAFTING_GOLDEN,400
OG_083,DISENCHANT_NORMAL,5
OG_083,DISENCHANT_GOLDEN,50
AT_042t2,CRAFTING_NORMAL,40
AT_042t2,CRAFTING_GOLDEN,400
AT_042t2,DISENCHANT_NORMAL,5
AT_042t2,DISENCHANT_GOLDEN,50
EX1_130a,CRAFTING_NORMAL,40
EX1_130a,CRAFTING_GOLDEN,400
EX1_130a,DISENCHANT_NORMAL,5
EX1_130a,DISENCHANT_GOLDEN,50
AT_031,CRAFTING_NORMAL,100
AT_031,CRAFTING_GOLDEN,800
AT_031,DISENCHANT_NORMAL,20
AT_031,DISENCHANT_GOLDEN,100
EX1_059,CRAFTING_NORMAL,100
EX1_059,CRAFTING_GOLDEN,800
EX1_059,DISENCHANT_NORMAL,20
EX1_059,DISENCHANT_GOLDEN,100
AT_023,CRAFTING_NORMAL,100
AT_023,CRAFTING_GOLDEN,800
AT_023,DISENCHANT_NORMAL,20
AT_023,DISENCHANT_GOLDEN,100
GVG_065,CRAFTING_NORMAL,40
GVG_065,CRAFTING_GOLDEN,400
GVG_065,DISENCHANT_NORMAL,5
GVG_065,DISENCHANT_GOLDEN,50
OG_086,CRAFTING_NORMAL,400
OG_086,CRAFTING_GOLDEN,1600
OG_086,DISENCHANT_NORMAL,100
OG_086,DISENCHANT_GOLDEN,400
EX1_554t,CRAFTING_NORMAL,40
EX1_554t,CRAFTING_GOLDEN,400
EX1_554t,DISENCHANT_NORMAL,5
EX1_554t,DISENCHANT_GOLDEN,50
EX1_354,CRAFTING_NORMAL,400
EX1_354,CRAFTING_GOLDEN,1600
EX1_354,DISENCHANT_NORMAL,100
EX1_354,DISENCHANT_GOLDEN,400
EX1_130,CRAFTING_NORMAL,40
EX1_130,CRAFTING_GOLDEN,400
EX1_130,DISENCHANT_NORMAL,5
EX1_130,DISENCHANT_GOLDEN,50
OG_113,CRAFTING_NORMAL,40
OG_113,CRAFTING_GOLDEN,400
OG_113,DISENCHANT_NORMAL,5
OG_113,DISENCHANT_GOLDEN,50
EX1_567,CRAFTING_NORMAL,400
EX1_567,CRAFTING_GOLDEN,1600
EX1_567,DISENCHANT_NORMAL,100
EX1_567,DISENCHANT_GOLDEN,400
GVG_050,CRAFTING_NORMAL,400
GVG_050,CRAFTING_GOLDEN,1600
GVG_050,DISENCHANT_NORMAL,100
GVG_050,DISENCHANT_GOLDEN,400
OG_156,CRAFTING_NORMAL,40
OG_156,CRAFTING_GOLDEN,400
OG_156,DISENCHANT_NORMAL,5
OG_156,DISENCHANT_GOLDEN,50
EX1_243,CRAFTING_NORMAL,40
EX1_243,CRAFTING_GOLDEN,400
EX1_243,DISENCHANT_NORMAL,5
EX1_243,DISENCHANT_GOLDEN,50
AT_074,CRAFTING_NORMAL,40
AT_074,CRAFTING_GOLDEN,400
AT_074,DISENCHANT_NORMAL,5
AT_074,DISENCHANT_GOLDEN,50
OG_153,CRAFTING_NORMAL,40
OG_153,CRAFTING_GOLDEN,400
OG_153,DISENCHANT_NORMAL,5
OG_153,DISENCHANT_GOLDEN,50
EX1_323,CRAFTING_NORMAL,1600
EX1_323,CRAFTING_GOLDEN,3200
EX1_323,DISENCHANT_NORMAL,400
EX1_323,DISENCHANT_GOLDEN,1600
AT_124,CRAFTING_NORMAL,1600
AT_124,CRAFTING_GOLDEN,3200
AT_124,DISENCHANT_NORMAL,400
AT_124,DISENCHANT_GOLDEN,1600
OG_195a,CRAFTING_NORMAL,400
OG_195a,CRAFTING_GOLDEN,1600
OG_195a,DISENCHANT_NORMAL,100
OG_195a,DISENCHANT_GOLDEN,400
AT_022,CRAFTING_NORMAL,100
AT_022,CRAFTING_GOLDEN,800
AT_022,DISENCHANT_NORMAL,20
AT_022,DISENCHANT_GOLDEN,100
EX1_004,CRAFTING_NORMAL,100
EX1_004,CRAFTING_GOLDEN,800
EX1_004,DISENCHANT_NORMAL,20
EX1_004,DISENCHANT_GOLDEN,100
AT_131,CRAFTING_NORMAL,1600
AT_131,CRAFTING_GOLDEN,3200
AT_131,DISENCHANT_NORMAL,400
AT_131,DISENCHANT_GOLDEN,1600
EX1_392,CRAFTING_NORMAL,40
EX1_392,CRAFTING_GOLDEN,400
EX1_392,DISENCHANT_NORMAL,5
EX1_392,DISENCHANT_GOLDEN,50
EX1_312,CRAFTING_NORMAL,400
EX1_312,CRAFTING_GOLDEN,1600
EX1_312,DISENCHANT_NORMAL,100
EX1_312,DISENCHANT_GOLDEN,400
GVG_030,CRAFTING_NORMAL,40
GVG_030,CRAFTING_GOLDEN,400
GVG_030,DISENCHANT_NORMAL,5
GVG_030,DISENCHANT_GOLDEN,50
EX1_002,CRAFTING_NORMAL,1600
EX1_002,CRAFTING_GOLDEN,3200
EX1_002,DISENCHANT_NORMAL,400
EX1_002,DISENCHANT_GOLDEN,1600
EX1_341,CRAFTING_NORMAL,100
EX1_341,CRAFTING_GOLDEN,800
EX1_341,DISENCHANT_NORMAL,20
EX1_341,DISENCHANT_GOLDEN,100
GVG_057,CRAFTING_NORMAL,40
GVG_057,CRAFTING_GOLDEN,400
GVG_057,DISENCHANT_NORMAL,5
GVG_057,DISENCHANT_GOLDEN,50
GVG_110,CRAFTING_NORMAL,1600
GVG_110,CRAFTING_GOLDEN,3200
GVG_110,DISENCHANT_NORMAL,400
GVG_110,DISENCHANT_GOLDEN,1600
GVG_097,CRAFTING_NORMAL,100
GVG_097,CRAFTING_GOLDEN,800
GVG_097,DISENCHANT_NORMAL,20
GVG_097,DISENCHANT_GOLDEN,100
AT_017,CRAFTING_NORMAL,400
AT_017,CRAFTING_GOLDEN,1600
AT_017,DISENCHANT_NORMAL,100
AT_017,DISENCHANT_GOLDEN,400
EX1_583,CRAFTING_NORMAL,40
EX1_583,CRAFTING_GOLDEN,400
EX1_583,DISENCHANT_NORMAL,5
EX1_583,DISENCHANT_GOLDEN,50
OG_118,CRAFTING_NORMAL,400
OG_118,CRAFTING_GOLDEN,1600
OG_118,DISENCHANT_NORMAL,100
OG_118,DISENCHANT_GOLDEN,400
EX1_620,CRAFTING_NORMAL,400
EX1_620,CRAFTING_GOLDEN,1600
EX1_620,DISENCHANT_NORMAL,100
EX1_620,DISENCHANT_GOLDEN,400
NEW1_017,CRAFTING_NORMAL,400
NEW1_017,CRAFTING_GOLDEN,1600
NEW1_017,DISENCHANT_NORMAL,100
NEW1_017,DISENCHANT_GOLDEN,400
AT_016,CRAFTING_NORMAL,400
AT_016,CRAFTING_GOLDEN,1600
AT_016,DISENCHANT_NORMAL,100
AT_016,DISENCHANT_GOLDEN,400
EX1_407,CRAFTING_NORMAL,400
EX1_407,CRAFTING_GOLDEN,1600
EX1_407,DISENCHANT_NORMAL,100
EX1_407,DISENCHANT_GOLDEN,400
AT_052,CRAFTING_NORMAL,40
AT_052,CRAFTING_GOLDEN,400
AT_052,DISENCHANT_NORMAL,5
AT_052,DISENCHANT_GOLDEN,50
OG_131,CRAFTING_NORMAL,1600
OG_131,CRAFTING_GOLDEN,3200
OG_131,DISENCHANT_NORMAL,400
OG_131,DISENCHANT_GOLDEN,1600
NEW1_026,CRAFTING_NORMAL,100
NEW1_026,CRAFTING_GOLDEN,800
NEW1_026,DISENCHANT_NORMAL,20
NEW1_026,DISENCHANT_GOLDEN,100
EX1_021,CRAFTING_NORMAL,40
EX1_021,CRAFTING_GOLDEN,400
EX1_021,DISENCHANT_NORMAL,5
EX1_021,DISENCHANT_GOLDEN,50
OG_031,CRAFTING_NORMAL,400
OG_031,CRAFTING_GOLDEN,1600
OG_031,DISENCHANT_NORMAL,100
OG_031,DISENCHANT_GOLDEN,400
AT_066,CRAFTING_NORMAL,40
AT_066,CRAFTING_GOLDEN,400
AT_066,DISENCHANT_NORMAL,5
AT_066,DISENCHANT_GOLDEN,50
GVG_087,CRAFTING_NORMAL,400
GVG_087,CRAFTING_GOLDEN,1600
GVG_087,DISENCHANT_NORMAL,100
GVG_087,DISENCHANT_GOLDEN,400
OG_028,CRAFTING_NORMAL,100
OG_028,CRAFTING_GOLDEN,800
OG_028,DISENCHANT_NORMAL,20
OG_028,DISENCHANT_GOLDEN,100
GVG_055,CRAFTING_NORMAL,100
GVG_055,CRAFTING_GOLDEN,800
GVG_055,DISENCHANT_NORMAL,20
GVG_055,DISENCHANT_GOLDEN,100
OG_156a,CRAFTING_NORMAL,40
OG_156a,CRAFTING_GOLDEN,400
OG_156a,DISENCHANT_NORMAL,5
OG_156a,DISENCHANT_GOLDEN,50
GVG_077,CRAFTING_NORMAL,400
GVG_077,CRAFTING_GOLDEN,1600
GVG_077,DISENCHANT_NORMAL,100
GVG_077,DISENCHANT_GOLDEN,400
NEW1_038,CRAFTING_NORMAL,1600
NEW1_038,CRAFTING_GOLDEN,3200
NEW1_038,DISENCHANT_NORMAL,400
NEW1_038,DISENCHANT_GOLDEN,1600
OG_195b,CRAFTING_NORMAL,400
OG_195b,CRAFTING_GOLDEN,1600
OG_195b,DISENCHANT_NORMAL,100
OG_195b,DISENCHANT_GOLDEN,400
OG_101,CRAFTING_NORMAL,400
OG_101,CRAFTING_GOLDEN,1600
OG_101,DISENCHANT_NORMAL,100
OG_101,DISENCHANT_GOLDEN,400
OG_222,CRAFTING_NORMAL,100
OG_222,CRAFTING_GOLDEN,800
OG_222,DISENCHANT_NORMAL,20
OG_222,DISENCHANT_GOLDEN,100
OG_220,CRAFTING_NORMAL,1600
OG_220,CRAFTING_GOLDEN,3200
OG_220,DISENCHANT_NORMAL,400
OG_220,DISENCHANT_GOLDEN,1600
OG_051,CRAFTING_NORMAL,400
OG_051,CRAFTING_GOLDEN,1600
OG_051,DISENCHANT_NORMAL,100
OG_051,DISENCHANT_GOLDEN,400
AT_086,CRAFTING_NORMAL,100
AT_086,CRAFTING_GOLDEN,800
AT_086,DISENCHANT_NORMAL,20
AT_086,DISENCHANT_GOLDEN,100
NEW1_007,CRAFTING_NORMAL,100
NEW1_007,CRAFTING_GOLDEN,800
NEW1_007,DISENCHANT_NORMAL,20
NEW1_007,DISENCHANT_GOLDEN,100
EX1_145,CRAFTING_NORMAL,400
EX1_145,CRAFTING_GOLDEN,1600
EX1_145,DISENCHANT_NORMAL,100
EX1_145,DISENCHANT_GOLDEN,400
AT_048,CRAFTING_NORMAL,100
AT_048,CRAFTING_GOLDEN,800
AT_048,DISENCHANT_NORMAL,20
AT_048,DISENCHANT_GOLDEN,100
AT_025,CRAFTING_NORMAL,400
AT_025,CRAFTING_GOLDEN,1600
AT_025,DISENCHANT_NORMAL,100
AT_025,DISENCHANT_GOLDEN,400
AT_123,CRAFTING_NORMAL,1600
AT_123,CRAFTING_GOLDEN,3200
AT_123,DISENCHANT_NORMAL,400
AT_123,DISENCHANT_GOLDEN,1600
GVG_056,CRAFTING_NORMAL,1600
GVG_056,CRAFTING_GOLDEN,3200
GVG_056,DISENCHANT_NORMAL,400
GVG_056,DISENCHANT_GOLDEN,1600
NEW1_021,CRAFTING_NORMAL,400
NEW1_021,CRAFTING_GOLDEN,1600
NEW1_021,DISENCHANT_NORMAL,100
NEW1_021,DISENCHANT_GOLDEN,400
EX1_345,CRAFTING_NORMAL,400
EX1_345,CRAFTING_GOLDEN,1600
EX1_345,DISENCHANT_NORMAL,100
EX1_345,DISENCHANT_GOLDEN,400
EX1_621,CRAFTING_NORMAL,40
EX1_621,CRAFTING_GOLDEN,400
EX1_621,DISENCHANT_NORMAL,5
EX1_621,DISENCHANT_GOLDEN,50
NEW1_037,CRAFTING_NORMAL,100
NEW1_037,CRAFTING_GOLDEN,800
NEW1_037,DISENCHANT_NORMAL,20
NEW1_037,DISENCHANT_GOLDEN,100
AT_079,CRAFTING_NORMAL,400
AT_079,CRAFTING_GOLDEN,1600
AT_079,DISENCHANT_NORMAL,100
AT_079,DISENCHANT_GOLDEN,400
OG_247,CRAFTING_NORMAL,40
OG_247,CRAFTING_GOLDEN,400
OG_247,DISENCHANT_NORMAL,5
OG_247,DISENCHANT_GOLDEN,50
EX1_001,CRAFTING_NORMAL,100
EX1_001,CRAFTING_GOLDEN,800
EX1_001,DISENCHANT_NORMAL,20
EX1_001,DISENCHANT_GOLDEN,100
AT_130,CRAFTING_NORMAL,400
AT_130,CRAFTING_GOLDEN,1600
AT_130,DISENCHANT_NORMAL,100
AT_130,DISENCHANT_GOLDEN,400
OG_255,CRAFTING_NORMAL,100
OG_255,CRAFTING_GOLDEN,800
OG_255,DISENCHANT_NORMAL,20
OG_255,DISENCHANT_GOLDEN,100
EX1_393,CRAFTING_NORMAL,40
EX1_393,CRAFTING_GOLDEN,400
EX1_393,DISENCHANT_NORMAL,5
EX1_393,DISENCHANT_GOLDEN,50
EX1_563,CRAFTING_NORMAL,1600
EX1_563,CRAFTING_GOLDEN,3200
EX1_563,DISENCHANT_NORMAL,400
EX1_563,DISENCHANT_GOLDEN,1600
EX1_350,CRAFTING_NORMAL,1600
EX1_350,CRAFTING_GOLDEN,3200
EX1_350,DISENCHANT_NORMAL,400
EX1_350,DISENCHANT_GOLDEN,1600
OG_147,CRAFTING_NORMAL,100
OG_147,CRAFTING_GOLDEN,800
OG_147,DISENCHANT_NORMAL,20
OG_147,DISENCHANT_GOLDEN,100
EX1_103,CRAFTING_NORMAL,100
EX1_103,CRAFTING_GOLDEN,800
EX1_103,DISENCHANT_NORMAL,20
EX1_103,DISENCHANT_GOLDEN,100
EX1_319,CRAFTING_NORMAL,40
EX1_319,CRAFTING_GOLDEN,400
EX1_319,DISENCHANT_NORMAL,5
EX1_319,DISENCHANT_GOLDEN,50
NEW1_018,CRAFTING_NORMAL,40
NEW1_018,CRAFTING_GOLDEN,400
NEW1_018,DISENCHANT_NORMAL,5
NEW1_018,DISENCHANT_GOLDEN,50
OG_152,CRAFTING_NORMAL,40
OG_152,CRAFTING_GOLDEN,400
OG_152,DISENCHANT_NORMAL,5
OG_152,DISENCHANT_GOLDEN,50
AT_011,CRAFTING_NORMAL,40
AT_011,CRAFTING_GOLDEN,400
AT_011,DISENCHANT_NORMAL,5
AT_011,DISENCHANT_GOLDEN,50
OG_314,CRAFTING_NORMAL,100
OG_314,CRAFTING_GOLDEN,800
OG_314,DISENCHANT_NORMAL,20
OG_314,DISENCHANT_GOLDEN,100
AT_121,CRAFTING_NORMAL,400
AT_121,CRAFTING_GOLDEN,1600
AT_121,DISENCHANT_NORMAL,100
AT_121,DISENCHANT_GOLDEN,400
OG_317,CRAFTING_NORMAL,1600
OG_317,CRAFTING_GOLDEN,3200
OG_317,DISENCHANT_NORMAL,400
OG_317,DISENCHANT_GOLDEN,1600
AT_093,CRAFTING_NORMAL,40
AT_093,CRAFTING_GOLDEN,400
AT_093,DISENCHANT_NORMAL,5
AT_093,DISENCHANT_GOLDEN,50
OG_174,CRAFTING_NORMAL,400
OG_174,CRAFTING_GOLDEN,1600
OG_174,DISENCHANT_NORMAL,100
OG_174,DISENCHANT_GOLDEN,400
OG_142,CRAFTING_NORMAL,40
OG_142,CRAFTING_GOLDEN,400
OG_142,DISENCHANT_NORMAL,5
OG_142,DISENCHANT_GOLDEN,50
EX1_544,CRAFTING_NORMAL,100
EX1_544,CRAFTING_GOLDEN,800
EX1_544,DISENCHANT_NORMAL,20
EX1_544,DISENCHANT_GOLDEN,100
GVG_105,CRAFTING_NORMAL,400
GVG_105,CRAFTING_GOLDEN,1600
GVG_105,DISENCHANT_NORMAL,100
GVG_105,DISENCHANT_GOLDEN,400
EX1_012,CRAFTING_NORMAL,1600
EX1_012,CRAFTING_GOLDEN,3200
EX1_012,DISENCHANT_NORMAL,400
EX1_012,DISENCHANT_GOLDEN,1600
GVG_118,CRAFTING_NORMAL,1600
GVG_118,CRAFTING_GOLDEN,3200
GVG_118,DISENCHANT_NORMAL,400
GVG_118,DISENCHANT_GOLDEN,1600
AT_044,CRAFTING_NORMAL,400
AT_044,CRAFTING_GOLDEN,1600
AT_044,DISENCHANT_NORMAL,100
AT_044,DISENCHANT_GOLDEN,400
NEW1_010,CRAFTING_NORMAL,1600
NEW1_010,CRAFTING_GOLDEN,3200
NEW1_010,DISENCHANT_NORMAL,400
NEW1_010,DISENCHANT_GOLDEN,1600
AT_092,CRAFTING_NORMAL,40
AT_092,CRAFTING_GOLDEN,400
AT_092,DISENCHANT_NORMAL,5
AT_092,DISENCHANT_GOLDEN,50
EX1_050,CRAFTING_NORMAL,100
EX1_050,CRAFTING_GOLDEN,800
EX1_050,DISENCHANT_NORMAL,20
EX1_050,DISENCHANT_GOLDEN,100
EX1_132,CRAFTING_NORMAL,40
EX1_132,CRAFTING_GOLDEN,400
EX1_132,DISENCHANT_NORMAL,5
EX1_132,DISENCHANT_GOLDEN,50
AT_075,CRAFTING_NORMAL,40
AT_075,CRAFTING_GOLDEN,400
AT_075,DISENCHANT_NORMAL,5
AT_075,DISENCHANT_GOLDEN,50
GVG_003,CRAFTING_NORMAL,100
GVG_003,CRAFTING_GOLDEN,800
GVG_003,DISENCHANT_NORMAL,20
GVG_003,DISENCHANT_GOLDEN,100
EX1_295,CRAFTING_NORMAL,400
EX1_295,CRAFTING_GOLDEN,1600
EX1_295,DISENCHANT_NORMAL,100
EX1_295,DISENCHANT_GOLDEN,400
NEW1_008,CRAFTING_NORMAL,400
NEW1_008,CRAFTING_GOLDEN,1600
NEW1_008,DISENCHANT_NORMAL,100
NEW1_008,DISENCHANT_GOLDEN,400
OG_276,CRAFTING_NORMAL,400
OG_276,CRAFTING_GOLDEN,1600
OG_276,DISENCHANT_NORMAL,100
OG_276,DISENCHANT_GOLDEN,400
EX1_590,CRAFTING_NORMAL,400
EX1_590,CRAFTING_GOLDEN,1600
EX1_590,DISENCHANT_NORMAL,100
EX1_590,DISENCHANT_GOLDEN,400
AT_005,CRAFTING_NORMAL,100
AT_005,CRAFTING_GOLDEN,800
AT_005,DISENCHANT_NORMAL,20
AT_005,DISENCHANT_GOLDEN,100
EX1_144,CRAFTING_NORMAL,40
EX1_144,CRAFTING_GOLDEN,400
EX1_144,DISENCHANT_NORMAL,5
EX1_144,DISENCHANT_GOLDEN,50
GVG_024,CRAFTING_NORMAL,400
GVG_024,CRAFTING_GOLDEN,1600
GVG_024,DISENCHANT_NORMAL,100
GVG_024,DISENCHANT_GOLDEN,400
EX1_586,CRAFTING_NORMAL,400
EX1_586,CRAFTING_GOLDEN,1600
EX1_586,DISENCHANT_NORMAL,100
EX1_586,DISENCHANT_GOLDEN,400
OG_286,CRAFTING_NORMAL,40
OG_286,CRAFTING_GOLDEN,400
OG_286,DISENCHANT_NORMAL,5
OG_286,DISENCHANT_GOLDEN,50
EX1_137,CRAFTING_NORMAL,100
EX1_137,CRAFTING_GOLDEN,800
EX1_137,DISENCHANT_NORMAL,20
EX1_137,DISENCHANT_GOLDEN,100
EX1_055,CRAFTING_NORMAL,100
EX1_055,CRAFTING_GOLDEN,800
EX1_055,DISENCHANT_NORMAL,20
EX1_055,DISENCHANT_GOLDEN,100
NEW1_027,CRAFTING_NORMAL,400
NEW1_027,CRAFTING_GOLDEN,1600
NEW1_027,DISENCHANT_NORMAL,100
NEW1_027,DISENCHANT_GOLDEN,400
GVG_109,CRAFTING_NORMAL,400
GVG_109,CRAFTING_GOLDEN,1600
GVG_109,DISENCHANT_NORMAL,100
GVG_109,DISENCHANT_GOLDEN,400
OG_173a,CRAFTING_NORMAL,400
OG_173a,CRAFTING_GOLDEN,1600
OG_173a,DISENCHANT_NORMAL,100
OG_173a,DISENCHANT_GOLDEN,400
OG_179,CRAFTING_NORMAL,40
OG_179,CRAFTING_GOLDEN,400
OG_179,DISENCHANT_NORMAL,5
OG_179,DISENCHANT_GOLDEN,50
OG_334,CRAFTING_NORMAL,40
OG_334,CRAFTING_GOLDEN,400
OG_334,DISENCHANT_NORMAL,5
OG_334,DISENCHANT_GOLDEN,50
OG_061,CRAFTING_NORMAL,40
OG_061,CRAFTING_GOLDEN,400
OG_061,DISENCHANT_NORMAL,5
OG_061,DISENCHANT_GOLDEN,50
GVG_047,CRAFTING_NORMAL,400
GVG_047,CRAFTING_GOLDEN,1600
GVG_047,DISENCHANT_NORMAL,100
GVG_047,DISENCHANT_GOLDEN,400
AT_082,CRAFTING_NORMAL,40
AT_082,CRAFTING_GOLDEN,400
AT_082,DISENCHANT_NORMAL,5
AT_082,DISENCHANT_GOLDEN,50
GVG_068,CRAFTING_NORMAL,40
GVG_068,CRAFTING_GOLDEN,400
GVG_068,DISENCHANT_NORMAL,5
GVG_068,DISENCHANT_GOLDEN,50
EX1_537,CRAFTING_NORMAL,100
EX1_537,CRAFTING_GOLDEN,800
EX1_537,DISENCHANT_NORMAL,20
EX1_537,DISENCHANT_GOLDEN,100
OG_158,CRAFTING_NORMAL,40
OG_158,CRAFTING_GOLDEN,400
OG_158,DISENCHANT_NORMAL,5
OG_158,DISENCHANT_GOLDEN,50
GVG_116,CRAFTING_NORMAL,1600
GVG_116,CRAFTING_GOLDEN,3200
GVG_116,DISENCHANT_NORMAL,400
GVG_116,DISENCHANT_GOLDEN,1600
EX1_028,CRAFTING_NORMAL,40
EX1_028,CRAFTING_GOLDEN,400
EX1_028,DISENCHANT_NORMAL,5
EX1_028,DISENCHANT_GOLDEN,50
OG_284,CRAFTING_NORMAL,40
OG_284,CRAFTING_GOLDEN,400
OG_284,DISENCHANT_NORMAL,5
OG_284,DISENCHANT_GOLDEN,50
AT_013,CRAFTING_NORMAL,40
AT_013,CRAFTING_GOLDEN,400
AT_013,DISENCHANT_NORMAL,5
AT_013,DISENCHANT_GOLDEN,50
OG_087,CRAFTING_NORMAL,100
OG_087,CRAFTING_GOLDEN,800
OG_087,DISENCHANT_NORMAL,20
OG_087,DISENCHANT_GOLDEN,100
GVG_002,CRAFTING_NORMAL,40
GVG_002,CRAFTING_GOLDEN,400
GVG_002,DISENCHANT_NORMAL,5
GVG_002,DISENCHANT_GOLDEN,50
EX1_010,CRAFTING_NORMAL,40
EX1_010,CRAFTING_GOLDEN,400
EX1_010,DISENCHANT_NORMAL,5
EX1_010,DISENCHANT_GOLDEN,50
EX1_313,CRAFTING_NORMAL,400
EX1_313,CRAFTING_GOLDEN,1600
EX1_313,DISENCHANT_NORMAL,100
EX1_313,DISENCHANT_GOLDEN,400
GVG_089,CRAFTING_NORMAL,100
GVG_089,CRAFTING_GOLDEN,800
GVG_089,DISENCHANT_NORMAL,20
GVG_089,DISENCHANT_GOLDEN,100
CS2_038,CRAFTING_NORMAL,100
CS2_038,CRAFTING_GOLDEN,800
CS2_038,DISENCHANT_NORMAL,20
CS2_038,DISENCHANT_GOLDEN,100
OG_290,CRAFTING_NORMAL,400
OG_290,CRAFTING_GOLDEN,1600
OG_290,DISENCHANT_NORMAL,100
OG_290,DISENCHANT_GOLDEN,400
OG_044,CRAFTING_NORMAL,1600
OG_044,CRAFTING_GOLDEN,3200
OG_044,DISENCHANT_NORMAL,400
OG_044,DISENCHANT_GOLDEN,1600
CS2_231,CRAFTING_NORMAL,40
CS2_231,CRAFTING_GOLDEN,400
CS2_231,DISENCHANT_NORMAL,5
CS2_231,DISENCHANT_GOLDEN,50
EX1_165,CRAFTING_NORMAL,40
EX1_165,CRAFTING_GOLDEN,400
EX1_165,DISENCHANT_NORMAL,5
EX1_165,DISENCHANT_GOLDEN,50
AT_094,CRAFTING_NORMAL,40
AT_094,CRAFTING_GOLDEN,400
AT_094,DISENCHANT_NORMAL,5
AT_094,DISENCHANT_GOLDEN,50
EX1_610,CRAFTING_NORMAL,40
EX1_610,CRAFTING_GOLDEN,400
EX1_610,DISENCHANT_NORMAL,5
EX1_610,DISENCHANT_GOLDEN,50
AT_045,CRAFTING_NORMAL,1600
AT_045,CRAFTING_GOLDEN,3200
AT_045,DISENCHANT_NORMAL,400
AT_045,DISENCHANT_GOLDEN,1600
EX1_258,CRAFTING_NORMAL,40
EX1_258,CRAFTING_GOLDEN,400
EX1_258,DISENCHANT_NORMAL,5
EX1_258,DISENCHANT_GOLDEN,50
EX1_365,CRAFTING_NORMAL,100
EX1_365,CRAFTING_GOLDEN,800
EX1_365,DISENCHANT_NORMAL,20
EX1_365,DISENCHANT_GOLDEN,100
OG_280,CRAFTING_NORMAL,1600
OG_280,CRAFTING_GOLDEN,3200
OG_280,DISENCHANT_NORMAL,400
OG_280,DISENCHANT_GOLDEN,1600
OG_072,CRAFTING_NORMAL,100
OG_072,CRAFTING_GOLDEN,800
OG_072,DISENCHANT_NORMAL,20
OG_072,DISENCHANT_GOLDEN,100
OG_162,CRAFTING_NORMAL,100
OG_162,CRAFTING_GOLDEN,800
OG_162,DISENCHANT_NORMAL,20
OG_162,DISENCHANT_GOLDEN,100
AT_091,CRAFTING_NORMAL,40
AT_091,CRAFTING_GOLDEN,400
AT_091,DISENCHANT_NORMAL,5
AT_091,DISENCHANT_GOLDEN,50
GVG_095,CRAFTING_NORMAL,100
GVG_095,CRAFTING_GOLDEN,800
GVG_095,DISENCHANT_NORMAL,20
GVG_095,DISENCHANT_GOLDEN,100
GVG_011,CRAFTING_NORMAL,40
GVG_011,CRAFTING_GOLDEN,400
GVG_011,DISENCHANT_NORMAL,5
GVG_011,DISENCHANT_GOLDEN,50
OG_200,CRAFTING_NORMAL,400
OG_200,CRAFTING_GOLDEN,1600
OG_200,DISENCHANT_NORMAL,100
OG_200,DISENCHANT_GOLDEN,400
EX1_575,CRAFTING_NORMAL,100
EX1_575,CRAFTING_GOLDEN,800
EX1_575,DISENCHANT_NORMAL,20
EX1_575,DISENCHANT_GOLDEN,100
OG_006,CRAFTING_NORMAL,400
OG_006,CRAFTING_GOLDEN,1600
OG_006,DISENCHANT_NORMAL,100
OG_006,DISENCHANT_GOLDEN,400
GVG_090,CRAFTING_NORMAL,100
GVG_090,CRAFTING_GOLDEN,800
GVG_090,DISENCHANT_NORMAL,20
GVG_090,DISENCHANT_GOLDEN,100
GVG_029,CRAFTING_NORMAL,400
GVG_029,CRAFTING_GOLDEN,1600
GVG_029,DISENCHANT_NORMAL,100
GVG_029,DISENCHANT_GOLDEN,400
AT_095,CRAFTING_NORMAL,40
AT_095,CRAFTING_GOLDEN,400
AT_095,DISENCHANT_NORMAL,5
AT_095,DISENCHANT_GOLDEN,50
EX1_362,CRAFTING_NORMAL,40
EX1_362,CRAFTING_GOLDEN,400
EX1_362,DISENCHANT_NORMAL,5
EX1_362,DISENCHANT_GOLDEN,50
GVG_084,CRAFTING_NORMAL,40
GVG_084,CRAFTING_GOLDEN,400
GVG_084,DISENCHANT_NORMAL,5
GVG_084,DISENCHANT_GOLDEN,50
EX1_414,CRAFTING_NORMAL,1600
EX1_414,CRAFTING_GOLDEN,3200
EX1_414,DISENCHANT_NORMAL,400
EX1_414,DISENCHANT_GOLDEN,1600
GVG_028,CRAFTING_NORMAL,1600
GVG_028,CRAFTING_GOLDEN,3200
GVG_028,DISENCHANT_NORMAL,400
GVG_028,DISENCHANT_GOLDEN,1600
AT_080,CRAFTING_NORMAL,400
AT_080,CRAFTING_GOLDEN,1600
AT_080,DISENCHANT_NORMAL,100
AT_080,DISENCHANT_GOLDEN,400
EX1_317,CRAFTING_NORMAL,40
EX1_317,CRAFTING_GOLDEN,400
EX1_317,DISENCHANT_NORMAL,5
EX1_317,DISENCHANT_GOLDEN,50
OG_321,CRAFTING_NORMAL,400
OG_321,CRAFTING_GOLDEN,1600
OG_321,DISENCHANT_NORMAL,100
OG_321,DISENCHANT_GOLDEN,400
EX1_560,CRAFTING_NORMAL,1600
EX1_560,CRAFTING_GOLDEN,3200
EX1_560,DISENCHANT_NORMAL,400
EX1_560,DISENCHANT_GOLDEN,1600
GVG_026,CRAFTING_NORMAL,400
GVG_026,CRAFTING_GOLDEN,1600
GVG_026,DISENCHANT_NORMAL,100
GVG_026,DISENCHANT_GOLDEN,400
AT_063,CRAFTING_NORMAL,1600
AT_063,CRAFTING_GOLDEN,3200
AT_063,DISENCHANT_NORMAL,400
AT_063,DISENCHANT_GOLDEN,1600
CS2_227,CRAFTING_NORMAL,40
CS2_227,CRAFTING_GOLDEN,400
CS2_227,DISENCHANT_NORMAL,5
CS2_227,DISENCHANT_GOLDEN,50
OG_291,CRAFTING_NORMAL,400
OG_291,CRAFTING_GOLDEN,1600
OG_291,DISENCHANT_NORMAL,100
OG_291,DISENCHANT_GOLDEN,400
AT_014,CRAFTING_NORMAL,400
AT_014,CRAFTING_GOLDEN,1600
AT_014,DISENCHANT_NORMAL,100
AT_014,DISENCHANT_GOLDEN,400
GVG_085,CRAFTING_NORMAL,40
GVG_085,CRAFTING_GOLDEN,400
GVG_085,DISENCHANT_NORMAL,5
GVG_085,DISENCHANT_GOLDEN,50
OG_315,CRAFTING_NORMAL,100
OG_315,CRAFTING_GOLDEN,800
OG_315,DISENCHANT_NORMAL,20
OG_315,DISENCHANT_GOLDEN,100
EX1_020,CRAFTING_NORMAL,40
EX1_020,CRAFTING_GOLDEN,400
EX1_020,DISENCHANT_NORMAL,5
EX1_020,DISENCHANT_GOLDEN,50
EX1_536,CRAFTING_NORMAL,100
EX1_536,CRAFTING_GOLDEN,800
EX1_536,DISENCHANT_NORMAL,20
EX1_536,DISENCHANT_GOLDEN,100
NEW1_005,CRAFTING_NORMAL,400
NEW1_005,CRAFTING_GOLDEN,1600
NEW1_005,DISENCHANT_NORMAL,100
NEW1_005,DISENCHANT_GOLDEN,400
AT_108,CRAFTING_NORMAL,100
AT_108,CRAFTING_GOLDEN,800
AT_108,DISENCHANT_NORMAL,20
AT_108,DISENCHANT_GOLDEN,100
OG_327,CRAFTING_NORMAL,40
OG_327,CRAFTING_GOLDEN,400
OG_327,DISENCHANT_NORMAL,5
OG_327,DISENCHANT_GOLDEN,50
EX1_390,CRAFTING_NORMAL,40
EX1_390,CRAFTING_GOLDEN,400
EX1_390,DISENCHANT_NORMAL,5
EX1_390,DISENCHANT_GOLDEN,50
GVG_103,CRAFTING_NORMAL,40
GVG_103,CRAFTING_GOLDEN,400
GVG_103,DISENCHANT_NORMAL,5
GVG_103,DISENCHANT_GOLDEN,50
DS1_188,CRAFTING_NORMAL,400
DS1_188,CRAFTING_GOLDEN,1600
DS1_188,DISENCHANT_NORMAL,100
DS1_188,DISENCHANT_GOLDEN,400
GVG_060,CRAFTING_NORMAL,400
GVG_060,CRAFTING_GOLDEN,1600
GVG_060,DISENCHANT_NORMAL,100
GVG_060,DISENCHANT_GOLDEN,400
EX1_tk9,CRAFTING_NORMAL,40
EX1_tk9,CRAFTING_GOLDEN,400
EX1_tk9,DISENCHANT_NORMAL,5
EX1_tk9,DISENCHANT_GOLDEN,50
EX1_241,CRAFTING_NORMAL,100
EX1_241,CRAFTING_GOLDEN,800
EX1_241,DISENCHANT_NORMAL,20
EX1_241,DISENCHANT_GOLDEN,100
EX1_110t,CRAFTING_NORMAL,1600
EX1_110t,CRAFTING_GOLDEN,3200
EX1_110t,DISENCHANT_NORMAL,400
EX1_110t,DISENCHANT_GOLDEN,1600
EX1_165b,CRAFTING_NORMAL,40
EX1_165b,CRAFTING_GOLDEN,400
EX1_165b,DISENCHANT_NORMAL,5
EX1_165b,DISENCHANT_GOLDEN,50
OG_206,CRAFTING_NORMAL,40
OG_206,CRAFTING_GOLDEN,400
OG_206,DISENCHANT_NORMAL,5
OG_206,DISENCHANT_GOLDEN,50
GVG_098,CRAFTING_NORMAL,40
GVG_098,CRAFTING_GOLDEN,400
GVG_098,DISENCHANT_NORMAL,5
GVG_098,DISENCHANT_GOLDEN,50
AT_067,CRAFTING_NORMAL,400
AT_067,CRAFTING_GOLDEN,1600
AT_067,DISENCHANT_NORMAL,100
AT_067,DISENCHANT_GOLDEN,400
OG_229,CRAFTING_NORMAL,1600
OG_229,CRAFTING_GOLDEN,3200
OG_229,DISENCHANT_NORMAL,400
OG_229,DISENCHANT_GOLDEN,1600
OG_176,CRAFTING_NORMAL,40
OG_176,CRAFTING_GOLDEN,400
OG_176,DISENCHANT_NORMAL,5
OG_176,DISENCHANT_GOLDEN,50
AT_053,CRAFTING_NORMAL,40
AT_053,CRAFTING_GOLDEN,400
AT_053,DISENCHANT_NORMAL,5
AT_053,DISENCHANT_GOLDEN,50
GVG_100,CRAFTING_NORMAL,40
GVG_100,CRAFTING_GOLDEN,400
GVG_100,DISENCHANT_NORMAL,5
GVG_100,DISENCHANT_GOLDEN,50
EX1_411,CRAFTING_NORMAL,400
EX1_411,CRAFTING_GOLDEN,1600
EX1_411,DISENCHANT_NORMAL,100
EX1_411,DISENCHANT_GOLDEN,400
EX1_315,CRAFTING_NORMAL,40
EX1_315,CRAFTING_GOLDEN,400
EX1_315,DISENCHANT_NORMAL,5
EX1_315,DISENCHANT_GOLDEN,50
EX1_409,CRAFTING_NORMAL,100
EX1_409,CRAFTING_GOLDEN,800
EX1_409,DISENCHANT_NORMAL,20
EX1_409,DISENCHANT_GOLDEN,100
CS2_152,CRAFTING_NORMAL,40
CS2_152,CRAFTING_GOLDEN,400
CS2_152,DISENCHANT_NORMAL,5
CS2_152,DISENCHANT_GOLDEN,50
EX1_571,CRAFTING_NORMAL,400
EX1_571,CRAFTING_GOLDEN,1600
EX1_571,DISENCHANT_NORMAL,100
EX1_571,DISENCHANT_GOLDEN,400
EX1_349,CRAFTING_NORMAL,100
EX1_349,CRAFTING_GOLDEN,800
EX1_349,DISENCHANT_NORMAL,20
EX1_349,DISENCHANT_GOLDEN,100
OG_216,CRAFTING_NORMAL,100
OG_216,CRAFTING_GOLDEN,800
OG_216,DISENCHANT_NORMAL,20
OG_216,DISENCHANT_GOLDEN,100
EX1_082,CRAFTING_NORMAL,40
EX1_082,CRAFTING_GOLDEN,400
EX1_082,DISENCHANT_NORMAL,5
EX1_082,DISENCHANT_GOLDEN,50
EX1_363,CRAFTING_NORMAL,40
EX1_363,CRAFTING_GOLDEN,400
EX1_363,DISENCHANT_NORMAL,5
EX1_363,DISENCHANT_GOLDEN,50
AT_133,CRAFTING_NORMAL,40
AT_133,CRAFTING_GOLDEN,400
AT_133,DISENCHANT_NORMAL,5
AT_133,DISENCHANT_GOLDEN,50
OG_310,CRAFTING_NORMAL,100
OG_310,CRAFTING_GOLDEN,800
OG_310,DISENCHANT_NORMAL,20
OG_310,DISENCHANT_GOLDEN,100
AT_103,CRAFTING_NORMAL,40
AT_103,CRAFTING_GOLDEN,400
AT_103,DISENCHANT_NORMAL,5
AT_103,DISENCHANT_GOLDEN,50
EX1_249,CRAFTING_NORMAL,1600
EX1_249,CRAFTING_GOLDEN,3200
EX1_249,DISENCHANT_NORMAL,400
EX1_249,DISENCHANT_GOLDEN,1600
OG_033,CRAFTING_NORMAL,400
OG_033,CRAFTING_GOLDEN,1600
OG_033,DISENCHANT_NORMAL,100
OG_033,DISENCHANT_GOLDEN,400
GVG_112,CRAFTING_NORMAL,1600
GVG_112,CRAFTING_GOLDEN,3200
GVG_112,DISENCHANT_NORMAL,400
GVG_112,DISENCHANT_GOLDEN,1600
AT_004,CRAFTING_NORMAL,400
AT_004,CRAFTING_GOLDEN,1600
AT_004,DISENCHANT_NORMAL,100
AT_004,DISENCHANT_GOLDEN,400
EX1_126,CRAFTING_NORMAL,40
EX1_126,CRAFTING_GOLDEN,400
EX1_126,DISENCHANT_NORMAL,5
EX1_126,DISENCHANT_GOLDEN,50
EX1_006,CRAFTING_NORMAL,100
EX1_006,CRAFTING_GOLDEN,800
EX1_006,DISENCHANT_NORMAL,20
EX1_006,DISENCHANT_GOLDEN,100
GVG_019,CRAFTING_NORMAL,400
GVG_019,CRAFTING_GOLDEN,1600
GVG_019,DISENCHANT_NORMAL,100
GVG_019,DISENCHANT_GOLDEN,400
EX1_549,CRAFTING_NORMAL,400
EX1_549,CRAFTING_GOLDEN,1600
EX1_549,DISENCHANT_NORMAL,100
EX1_549,DISENCHANT_GOLDEN,400
OG_096,CRAFTING_NORMAL,100
OG_096,CRAFTING_GOLDEN,800
OG_096,DISENCHANT_NORMAL,20
OG_096,DISENCHANT_GOLDEN,100
GVG_016,CRAFTING_NORMAL,400
GVG_016,CRAFTING_GOLDEN,1600
GVG_016,DISENCHANT_NORMAL,100
GVG_016,DISENCHANT_GOLDEN,400
GVG_086,CRAFTING_NORMAL,100
GVG_086,CRAFTING_GOLDEN,800
GVG_086,DISENCHANT_NORMAL,20
GVG_086,DISENCHANT_GOLDEN,100
CS2_188,CRAFTING_NORMAL,40
CS2_188,CRAFTING_GOLDEN,400
CS2_188,DISENCHANT_NORMAL,5
CS2_188,DISENCHANT_GOLDEN,50
GVG_038,CRAFTING_NORMAL,40
GVG_038,CRAFTING_GOLDEN,400
GVG_038,DISENCHANT_NORMAL,5
GVG_038,DISENCHANT_GOLDEN,50
OG_281,CRAFTING_NORMAL,40
OG_281,CRAFTING_GOLDEN,400
OG_281,DISENCHANT_NORMAL,5
OG_281,DISENCHANT_GOLDEN,50
OG_104,CRAFTING_NORMAL,400
OG_104,CRAFTING_GOLDEN,1600
OG_104,DISENCHANT_NORMAL,100
OG_104,DISENCHANT_GOLDEN,400
AT_002,CRAFTING_NORMAL,100
AT_002,CRAFTING_GOLDEN,800
AT_002,DISENCHANT_NORMAL,20
AT_002,DISENCHANT_GOLDEN,100
EX1_161,CRAFTING_NORMAL,40
EX1_161,CRAFTING_GOLDEN,400
EX1_161,DISENCHANT_NORMAL,5
EX1_161,DISENCHANT_GOLDEN,50
EX1_005,CRAFTING_NORMAL,400
EX1_005,CRAFTING_GOLDEN,1600
EX1_005,DISENCHANT_NORMAL,100
EX1_005,DISENCHANT_GOLDEN,400
CS2_104,CRAFTING_NORMAL,40
CS2_104,CRAFTING_GOLDEN,400
CS2_104,DISENCHANT_NORMAL,5
CS2_104,DISENCHANT_GOLDEN,50
OG_308,CRAFTING_NORMAL,400
OG_308,CRAFTING_GOLDEN,1600
OG_308,DISENCHANT_NORMAL,100
OG_308,DISENCHANT_GOLDEN,400
AT_039,CRAFTING_NORMAL,100
AT_039,CRAFTING_GOLDEN,800
AT_039,DISENCHANT_NORMAL,20
AT_039,DISENCHANT_GOLDEN,100
GVG_080,CRAFTING_NORMAL,40
GVG_080,CRAFTING_GOLDEN,400
GVG_080,DISENCHANT_NORMAL,5
GVG_080,DISENCHANT_GOLDEN,50
EX1_626,CRAFTING_NORMAL,100
EX1_626,CRAFTING_GOLDEN,800
EX1_626,DISENCHANT_NORMAL,20
EX1_626,DISENCHANT_GOLDEN,100
NEW1_040,CRAFTING_NORMAL,1600
NEW1_040,CRAFTING_GOLDEN,3200
NEW1_040,DISENCHANT_NORMAL,400
NEW1_040,DISENCHANT_GOLDEN,1600
AT_033,CRAFTING_NORMAL,100
AT_033,CRAFTING_GOLDEN,800
AT_033,DISENCHANT_NORMAL,20
AT_033,DISENCHANT_GOLDEN,100
GVG_053,CRAFTING_NORMAL,100
GVG_053,CRAFTING_GOLDEN,800
GVG_053,DISENCHANT_NORMAL,20
GVG_053,DISENCHANT_GOLDEN,100
AT_065,CRAFTING_NORMAL,100
AT_065,CRAFTING_GOLDEN,800
AT_065,DISENCHANT_NORMAL,20
AT_065,DISENCHANT_GOLDEN,100
GVG_075,CRAFTING_NORMAL,40
GVG_075,CRAFTING_GOLDEN,400
GVG_075,DISENCHANT_NORMAL,5
GVG_075,DISENCHANT_GOLDEN,50
GVG_078,CRAFTING_NORMAL,40
GVG_078,CRAFTING_GOLDEN,400
GVG_078,DISENCHANT_NORMAL,5
GVG_078,DISENCHANT_GOLDEN,50
EX1_080,CRAFTING_NORMAL,100
EX1_080,CRAFTING_GOLDEN,800
EX1_080,DISENCHANT_NORMAL,20
EX1_080,DISENCHANT_GOLDEN,100
EX1_044,CRAFTING_NORMAL,100
EX1_044,CRAFTING_GOLDEN,800
EX1_044,DISENCHANT_NORMAL,20
EX1_044,DISENCHANT_GOLDEN,100
EX1_614,CRAFTING_NORMAL,1600
EX1_614,CRAFTING_GOLDEN,3200
EX1_614,DISENCHANT_NORMAL,400
EX1_614,DISENCHANT_GOLDEN,1600
OG_202a,CRAFTING_NORMAL,100
OG_202a,CRAFTING_GOLDEN,800
OG_202a,DISENCHANT_NORMAL,20
OG_202a,DISENCHANT_GOLDEN,100
GVG_079,CRAFTING_NORMAL,40
GVG_079,CRAFTING_GOLDEN,400
GVG_079,DISENCHANT_NORMAL,5
GVG_079,DISENCHANT_GOLDEN,50
OG_198,CRAFTING_NORMAL,400
OG_198,CRAFTING_GOLDEN,1600
OG_198,DISENCHANT_NORMAL,100
OG_198,DISENCHANT_GOLDEN,400
OG_023,CRAFTING_NORMAL,40
OG_023,CRAFTING_GOLDEN,400
OG_023,DISENCHANT_NORMAL,5
OG_023,DISENCHANT_GOLDEN,50
EX1_162,CRAFTING_NORMAL,40
EX1_162,CRAFTING_GOLDEN,400
EX1_162,DISENCHANT_NORMAL,5
EX1_162,DISENCHANT_GOLDEN,50
EX1_379,CRAFTING_NORMAL,40
EX1_379,CRAFTING_GOLDEN,400
EX1_379,DISENCHANT_NORMAL,5
EX1_379,DISENCHANT_GOLDEN,50
GVG_025,CRAFTING_NORMAL,100
GVG_025,CRAFTING_GOLDEN,800
GVG_025,DISENCHANT_NORMAL,20
GVG_025,DISENCHANT_GOLDEN,100
EX1_405,CRAFTING_NORMAL,40
EX1_405,CRAFTING_GOLDEN,400
EX1_405,DISENCHANT_NORMAL,5
EX1_405,DISENCHANT_GOLDEN,50
EX1_316,CRAFTING_NORMAL,40
EX1_316,CRAFTING_GOLDEN,400
EX1_316,DISENCHANT_NORMAL,5
EX1_316,DISENCHANT_GOLDEN,50
AT_047,CRAFTING_NORMAL,100
AT_047,CRAFTING_GOLDEN,800
AT_047,DISENCHANT_NORMAL,20
AT_047,DISENCHANT_GOLDEN,100
tt_010,CRAFTING_NORMAL,400
tt_010,CRAFTING_GOLDEN,1600
tt_010,DISENCHANT_NORMAL,100
tt_010,DISENCHANT_GOLDEN,400
OG_082,CRAFTING_NORMAL,40
OG_082,CRAFTING_GOLDEN,400
OG_082,DISENCHANT_NORMAL,5
OG_082,DISENCHANT_GOLDEN,50
OG_195c,CRAFTING_NORMAL,40
OG_195c,CRAFTING_GOLDEN,400
OG_195c,DISENCHANT_NORMAL,5
OG_195c,DISENCHANT_GOLDEN,50
NEW1_020,CRAFTING_NORMAL,100
NEW1_020,CRAFTING_GOLDEN,800
NEW1_020,DISENCHANT_NORMAL,20
NEW1_020,DISENCHANT_GOLDEN,100
GVG_107,CRAFTING_NORMAL,400
GVG_107,CRAFTING_GOLDEN,1600
GVG_107,DISENCHANT_NORMAL,100
GVG_107,DISENCHANT_GOLDEN,400
EX1_384,CRAFTING_NORMAL,400
EX1_384,CRAFTING_GOLDEN,1600
EX1_384,DISENCHANT_NORMAL,100
EX1_384,DISENCHANT_GOLDEN,400
EX1_538,CRAFTING_NORMAL,40
EX1_538,CRAFTING_GOLDEN,400
EX1_538,DISENCHANT_NORMAL,5
EX1_538,DISENCHANT_GOLDEN,50
AT_127,CRAFTING_NORMAL,1600
AT_127,CRAFTING_GOLDEN,3200
AT_127,DISENCHANT_NORMAL,400
AT_127,DISENCHANT_GOLDEN,1600
EX1_164,CRAFTING_NORMAL,100
EX1_164,CRAFTING_GOLDEN,800
EX1_164,DISENCHANT_NORMAL,20
EX1_164,DISENCHANT_GOLDEN,100
GVG_091,CRAFTING_NORMAL,100
GVG_091,CRAFTING_GOLDEN,800
GVG_091,DISENCHANT_NORMAL,20
GVG_091,DISENCHANT_GOLDEN,100
AT_063t,CRAFTING_NORMAL,1600
AT_063t,CRAFTING_GOLDEN,3200
AT_063t,DISENCHANT_NORMAL,400
AT_063t,DISENCHANT_GOLDEN,1600
GVG_115,CRAFTING_NORMAL,1600
GVG_115,CRAFTING_GOLDEN,3200
GVG_115,DISENCHANT_NORMAL,400
GVG_115,DISENCHANT_GOLDEN,1600
OG_048,CRAFTING_NORMAL,40
OG_048,CRAFTING_GOLDEN,400
OG_048,DISENCHANT_NORMAL,5
OG_048,DISENCHANT_GOLDEN,50
OG_123,CRAFTING_NORMAL,1600
OG_123,CRAFTING_GOLDEN,3200
OG_123,DISENCHANT_NORMAL,400
OG_123,DISENCHANT_GOLDEN,1600
AT_064,CRAFTING_NORMAL,40
AT_064,CRAFTING_GOLDEN,400
AT_064,DISENCHANT_NORMAL,5
AT_064,DISENCHANT_GOLDEN,50
EX1_089,CRAFTING_NORMAL,100
EX1_089,CRAFTING_GOLDEN,800
EX1_089,DISENCHANT_NORMAL,20
EX1_089,DISENCHANT_GOLDEN,100
GVG_067,CRAFTING_NORMAL,40
GVG_067,CRAFTING_GOLDEN,400
GVG_067,DISENCHANT_NORMAL,5
GVG_067,DISENCHANT_GOLDEN,50
AT_132,CRAFTING_NORMAL,1600
AT_132,CRAFTING_GOLDEN,3200
AT_132,DISENCHANT_NORMAL,400
AT_132,DISENCHANT_GOLDEN,1600
EX1_570,CRAFTING_NORMAL,100
EX1_570,CRAFTING_GOLDEN,800
EX1_570,DISENCHANT_NORMAL,20
EX1_570,DISENCHANT_GOLDEN,100
OG_188,CRAFTING_NORMAL,100
OG_188,CRAFTING_GOLDEN,800
OG_188,DISENCHANT_NORMAL,20
OG_188,DISENCHANT_GOLDEN,100
EX1_tk34,CRAFTING_NORMAL,40
EX1_tk34,CRAFTING_GOLDEN,400
EX1_tk34,DISENCHANT_NORMAL,5
EX1_tk34,DISENCHANT_GOLDEN,50
GVG_062,CRAFTING_NORMAL,100
GVG_062,CRAFTING_GOLDEN,800
GVG_062,DISENCHANT_NORMAL,20
GVG_062,DISENCHANT_GOLDEN,100
GVG_015,CRAFTING_NORMAL,40
GVG_015,CRAFTING_GOLDEN,400
GVG_015,DISENCHANT_NORMAL,5
GVG_015,DISENCHANT_GOLDEN,50
OG_271,CRAFTING_NORMAL,400
OG_271,CRAFTING_GOLDEN,1600
OG_271,DISENCHANT_NORMAL,100
OG_271,DISENCHANT_GOLDEN,400
OG_256,CRAFTING_NORMAL,40
OG_256,CRAFTING_GOLDEN,400
OG_256,DISENCHANT_NORMAL,5
OG_256,DISENCHANT_GOLDEN,50
EX1_294,CRAFTING_NORMAL,40
EX1_294,CRAFTING_GOLDEN,400
EX1_294,DISENCHANT_NORMAL,5
EX1_294,DISENCHANT_GOLDEN,50
OG_094,CRAFTING_NORMAL,40
OG_094,CRAFTING_GOLDEN,400
OG_094,DISENCHANT_NORMAL,5
OG_094,DISENCHANT_GOLDEN,50
AT_090,CRAFTING_NORMAL,40
AT_090,CRAFTING_GOLDEN,400
AT_090,DISENCHANT_NORMAL,5
AT_090,DISENCHANT_GOLDEN,50
OG_161,CRAFTING_NORMAL,100
OG_161,CRAFTING_GOLDEN,800
OG_161,DISENCHANT_NORMAL,20
OG_161,DISENCHANT_GOLDEN,100
EX1_564,CRAFTING_NORMAL,400
EX1_564,CRAFTING_GOLDEN,1600
EX1_564,DISENCHANT_NORMAL,100
EX1_564,DISENCHANT_GOLDEN,400
GVG_108,CRAFTING_NORMAL,400
GVG_108,CRAFTING_GOLDEN,1600
GVG_108,DISENCHANT_NORMAL,100
GVG_108,DISENCHANT_GOLDEN,400
EX1_625,CRAFTING_NORMAL,400
EX1_625,CRAFTING_GOLDEN,1600
EX1_625,DISENCHANT_NORMAL,100
EX1_625,DISENCHANT_GOLDEN,400
OG_311,CRAFTING_NORMAL,40
OG_311,CRAFTING_GOLDEN,400
OG_311,DISENCHANT_NORMAL,5
OG_311,DISENCHANT_GOLDEN,50
EX1_tk11,CRAFTING_NORMAL,100
EX1_tk11,CRAFTING_GOLDEN,800
EX1_tk11,DISENCHANT_NORMAL,20
EX1_tk11,DISENCHANT_GOLDEN,100
OG_045,CRAFTING_NORMAL,100
OG_045,CRAFTING_GOLDEN,800
OG_045,DISENCHANT_NORMAL,20
OG_045,DISENCHANT_GOLDEN,100
EX1_155,CRAFTING_NORMAL,40
EX1_155,CRAFTING_GOLDEN,400
EX1_155,DISENCHANT_NORMAL,5
EX1_155,DISENCHANT_GOLDEN,50
GVG_113,CRAFTING_NORMAL,1600
GVG_113,CRAFTING_GOLDEN,3200
GVG_113,DISENCHANT_NORMAL,400
GVG_113,DISENCHANT_GOLDEN,1600
GVG_072,CRAFTING_NORMAL,100
GVG_072,CRAFTING_GOLDEN,800
GVG_072,DISENCHANT_NORMAL,20
GVG_072,DISENCHANT_GOLDEN,100
AT_069,CRAFTING_NORMAL,100
AT_069,CRAFTING_GOLDEN,800
AT_069,DISENCHANT_NORMAL,20
AT_069,DISENCHANT_GOLDEN,100
AT_049,CRAFTING_NORMAL,100
AT_049,CRAFTING_GOLDEN,800
AT_049,DISENCHANT_NORMAL,20
AT_049,DISENCHANT_GOLDEN,100
AT_007,CRAFTING_NORMAL,40
AT_007,CRAFTING_GOLDEN,400
AT_007,DISENCHANT_NORMAL,5
AT_007,DISENCHANT_GOLDEN,50
OG_133,CRAFTING_NORMAL,1600
OG_133,CRAFTING_GOLDEN,3200
OG_133,DISENCHANT_NORMAL,400
OG_133,DISENCHANT_GOLDEN,1600
AT_029,CRAFTING_NORMAL,40
AT_029,CRAFTING_GOLDEN,400
AT_029,DISENCHANT_NORMAL,5
AT_029,DISENCHANT_GOLDEN,50
AT_056,CRAFTING_NORMAL,100
AT_056,CRAFTING_GOLDEN,800
AT_056,DISENCHANT_NORMAL,20
AT_056,DISENCHANT_GOLDEN,100
EX1_289,CRAFTING_NORMAL,40
EX1_289,CRAFTING_GOLDEN,400
EX1_289,DISENCHANT_NORMAL,5
EX1_289,DISENCHANT_GOLDEN,50
GVG_082,CRAFTING_NORMAL,40
GVG_082,CRAFTING_GOLDEN,400
GVG_082,DISENCHANT_NORMAL,5
GVG_082,DISENCHANT_GOLDEN,50
CS2_117,CRAFTING_NORMAL,40
CS2_117,CRAFTING_GOLDEN,400
CS2_117,DISENCHANT_NORMAL,5
CS2_117,DISENCHANT_GOLDEN,50
OG_234,CRAFTING_NORMAL,40
OG_234,CRAFTING_GOLDEN,400
OG_234,DISENCHANT_NORMAL,5
OG_234,DISENCHANT_GOLDEN,50
EX1_287,CRAFTING_NORMAL,100
EX1_287,CRAFTING_GOLDEN,800
EX1_287,DISENCHANT_NORMAL,20
EX1_287,DISENCHANT_GOLDEN,100
GVG_054,CRAFTING_NORMAL,40
GVG_054,CRAFTING_GOLDEN,400
GVG_054,DISENCHANT_NORMAL,5
GVG_054,DISENCHANT_GOLDEN,50
OG_211,CRAFTING_NORMAL,400
OG_211,CRAFTING_GOLDEN,1600
OG_211,DISENCHANT_NORMAL,100
OG_211,DISENCHANT_GOLDEN,400
GVG_121,CRAFTING_NORMAL,400
GVG_121,CRAFTING_GOLDEN,1600
GVG_121,DISENCHANT_NORMAL,100
GVG_121,DISENCHANT_GOLDEN,400
EX1_298,CRAFTING_NORMAL,1600
EX1_298,CRAFTING_GOLDEN,3200
EX1_298,DISENCHANT_NORMAL,400
EX1_298,DISENCHANT_GOLDEN,1600
EX1_105,CRAFTING_NORMAL,400
EX1_105,CRAFTING_GOLDEN,1600
EX1_105,DISENCHANT_NORMAL,100
EX1_105,DISENCHANT_GOLDEN,400
EX1_238,CRAFTING_NORMAL,40
EX1_238,CRAFTING_GOLDEN,400
EX1_238,DISENCHANT_NORMAL,5
EX1_238,DISENCHANT_GOLDEN,50
EX1_624,CRAFTING_NORMAL,100
EX1_624,CRAFTING_GOLDEN,800
EX1_624,DISENCHANT_NORMAL,20
EX1_624,DISENCHANT_GOLDEN,100
AT_113,CRAFTING_NORMAL,400
AT_113,CRAFTING_GOLDEN,1600
AT_113,DISENCHANT_NORMAL,100
AT_113,DISENCHANT_GOLDEN,400
EX1_049,CRAFTING_NORMAL,40
EX1_049,CRAFTING_GOLDEN,400
EX1_049,DISENCHANT_NORMAL,5
EX1_049,DISENCHANT_GOLDEN,50
GVG_035,CRAFTING_NORMAL,1600
GVG_035,CRAFTING_GOLDEN,3200
GVG_035,DISENCHANT_NORMAL,400
GVG_035,DISENCHANT_GOLDEN,1600
OG_221,CRAFTING_NORMAL,100
OG_221,CRAFTING_GOLDEN,800
OG_221,DISENCHANT_NORMAL,20
OG_221,DISENCHANT_GOLDEN,100
EX1_093,CRAFTING_NORMAL,100
EX1_093,CRAFTING_GOLDEN,800
EX1_093,DISENCHANT_NORMAL,20
EX1_093,DISENCHANT_GOLDEN,100
OG_100,CRAFTING_NORMAL,100
OG_100,CRAFTING_GOLDEN,800
OG_100,DISENCHANT_NORMAL,20
OG_100,DISENCHANT_GOLDEN,100
AT_119,CRAFTING_NORMAL,40
AT_119,CRAFTING_GOLDEN,400
AT_119,DISENCHANT_NORMAL,5
AT_119,DISENCHANT_GOLDEN,50
GVG_045,CRAFTING_NORMAL,100
GVG_045,CRAFTING_GOLDEN,800
GVG_045,DISENCHANT_NORMAL,20
GVG_045,DISENCHANT_GOLDEN,100
GVG_117,CRAFTING_NORMAL,1600
GVG_117,CRAFTING_GOLDEN,3200
GVG_117,DISENCHANT_NORMAL,400
GVG_117,DISENCHANT_GOLDEN,1600
OG_309,CRAFTING_NORMAL,1600
OG_309,CRAFTING_GOLDEN,3200
OG_309,DISENCHANT_NORMAL,400
OG_309,DISENCHANT_GOLDEN,1600
OG_151,CRAFTING_NORMAL,40
OG_151,CRAFTING_GOLDEN,400
OG_151,DISENCHANT_NORMAL,5
OG_151,DISENCHANT_GOLDEN,50
EX1_320,CRAFTING_NORMAL,400
EX1_320,CRAFTING_GOLDEN,1600
EX1_320,DISENCHANT_NORMAL,100
EX1_320,DISENCHANT_GOLDEN,400
OG_295,CRAFTING_NORMAL,40
OG_295,CRAFTING_GOLDEN,400
OG_295,DISENCHANT_NORMAL,5
OG_295,DISENCHANT_GOLDEN,50
AT_084,CRAFTING_NORMAL,40
AT_084,CRAFTING_GOLDEN,400
AT_084,DISENCHANT_NORMAL,5
AT_084,DISENCHANT_GOLDEN,50
EX1_383t,CRAFTING_NORMAL,1600
EX1_383t,CRAFTING_GOLDEN,3200
EX1_383t,DISENCHANT_NORMAL,400
EX1_383t,DISENCHANT_GOLDEN,1600
GVG_012,CRAFTING_NORMAL,100
GVG_012,CRAFTING_GOLDEN,800
GVG_012,DISENCHANT_NORMAL,20
GVG_012,DISENCHANT_GOLDEN,100
